kode_barang,Nama Produk,cabang,stok,harga_jual,kategori
1000028,Dark Luna 60ml - 6mg,Bangil,1,155000,liquid
1000077,Paradewa 60ml - Apple Zeus 3mg,Bangil,1,140000,liquid
1000116,LCV 60ml - Oat Crackers 3mg,Bangil,2,100000,liquid
1000119,LCV 60ml - Berry Cheesecake 3mg,Bangil,1,100000,liquid
1000121,LCV 60ml - Tiramisu 3mg,Bangil,1,100000,liquid
1000215,Lunar Hexohm 60ml - Strawberry Cheesecake 3mg,Bangil,1,155000,liquid
1000216,Lunar Hexohm 60ml - Strawberry Cheesecake 6mg,Bangil,2,155000,liquid
1000240,Bule Bolu 60ml - 3mg,Bangil,1,155000,liquid
1000263,Oat Drips Pod Friendly 30ml - Milk Cereal 15mg,Bangil,1,110000,liquid
1000361,Dark Luna 60ml - 3mg,Bangil,1,155000,liquid
1000544,NYC Hero57 Edition 60ml - Perfect Cheese 3mg,Bangil,2,155000,liquid
1000577,Tokyo Banana Signature 60ml - 3mg,Bangil,2,185000,liquid
1000578,Tokyo Banana Signature 60ml - 6mg,Bangil,1,185000,liquid
1000592,LCV 60ml - Strawberry Poundcake 6mg,Bangil,1,100000,liquid
1000593,LCV 60ml - Banana Hoki 6mg,Bangil,2,100000,liquid
1000688,Bananalicious 60ml - 6mg,Bangil,1,155000,liquid
1001040,Blackwood Tobacco 60ml - Vanilla Custard 3mg,Bangil,1,145000,liquid
1001260,American Fruity Pod Friendly 30ml - Mango 12mg,Bangil,1,100000,liquid
1001261,American Fruity Pod Friendly 30ml - Melon 12mg,Bangil,1,100000,liquid
1001688,Muffin and Xes 30ml - V1 Strawberry Cream Muffin 12mg,Bangil,1,110000,liquid
1001697,Cartridge + Liquid Ncig Tobacco - Classic Blanc 50mg,Bangil,1,240000,liquid
1001698,Cartridge + Liquid Ncig Tobacco - Premium Blanc 50mg,Bangil,1,240000,liquid
1001699,Cartridge + Liquid Ncig Tobacco - Royale Blanc 50mg,Bangil,1,240000,liquid
1001781,Roti Sisir 60ml - 3mg,Bangil,1,90000,liquid
1001782,Roti Sisir 60ml - 6mg,Bangil,1,90000,liquid
1001799,Foom Salt 30ml - Galapagos Soursop 30mg,Bangil,2,110000,liquid
1001873,Oat Drips 60ml - V1 Milk Cereal 3mg,Bangil,1,155000,liquid
1001874,Oat Drips 60ml - V1 Milk Cereal 6mg,Bangil,1,155000,liquid
1001957,American Fruity 60ml - Mango Smothies 3mg,Bangil,1,130000,liquid
1001964,Mystery 30ml - #1 6mg,Bangil,1,90000,liquid
1001965,Mystery 30ml - #1 9mg,Bangil,2,90000,liquid
1001998,Foom Salt 30ml - Fresh Honeydew 30mg,Bangil,1,110000,liquid
1002027,Kuah Sop Buah 60ml - 6mg,Bangil,1,140000,liquid
1002153,A La Carte Series 60ml - Cream Poundcake 3mg,Bangil,1,150000,liquid
1002154,A La Carte Series 60ml - Cream Poundcake 6mg,Bangil,1,150000,liquid
1002174,LCV 60ml Cake Lady - Perfect Strawberry Shortcake 3mg,Bangil,2,90000,liquid
1002175,LCV 60ml Cake Lady - Perfect Strawberry Shortcake 6mg,Bangil,2,90000,liquid
1002176,LCV 60ml Cake Lady - Steamed Banana Cake 3mg,Bangil,3,90000,liquid
1002177,LCV 60ml Cake Lady - Steamed Banana Cake 6mg,Bangil,2,90000,liquid
1002253,Mystery 30ml - #3 3mg,Bangil,1,90000,liquid
1002254,Mystery 30ml - #3 6mg,Bangil,3,90000,liquid
1002264,Proven by Suicide Bunny 60ml - 3mg,Bangil,1,190000,liquid
1002265,Proven by Suicide Bunny 60ml - 6mg,Bangil,1,190000,liquid
1002267,Una 60ml - Banana Cheesecake 6mg,Bangil,1,145000,liquid
1002270,Nikmat 30ml - V1 Puff Pastry Rolls Cream 15mg,Bangil,2,95000,liquid
1002272,Nikmat 60ml - V1 Puff Pastry Rolls Cream 6mg,Bangil,1,145000,liquid
1002307,Bit Drips 15ml - Zhifer Papermint 30mg,Bangil,3,75000,liquid
1002308,Foom Salt 30ml - Fresh Cola 30mg,Bangil,1,110000,liquid
1002309,Foom Salt 30ml - Iced Cappucino 30mg,Bangil,1,110000,liquid
1002310,Foom Salt 30ml - Iced Tea 30mg,Bangil,2,110000,liquid
1002415,Flamenco 60ml - Bon Bon Alpenlible 3mg,Bangil,1,150000,liquid
1002447,Icelands Saltnic 30ml - Watermelon 30mg,Bangil,1,100000,liquid
1002448,Blondies 60ml - V3 Blueberry Cheese Cream Bake 3mg,Bangil,1,150000,liquid
1002449,Blondies 60ml - V3 Blueberry Cheese Cream Bake 6mg,Bangil,1,150000,liquid
1002450,The O Rama 60ml - V1 Kaya Toast 3mg,Bangil,2,155000,liquid
1002456,Foom Salt Bubblegum Series 30ml - Pink Gummy 30mg,Bangil,1,110000,liquid
1002457,Foom Salt Bubblegum Series 30ml - Purple Gummy 30mg,Bangil,1,110000,liquid
1002458,Foom Salt Bubblegum Series 30ml - Yellow Gummy 30mg,Bangil,1,110000,liquid
1002486,Liquid Dead Squad 60ml - Enigmatic Pandemonium 3mg,Bangil,1,160000,liquid
1002566,LCV 60ml - Oat Crackers 6mg,Bangil,2,100000,liquid
1002592,Foom Salt 30ml - Barbados 30mg,Bangil,1,110000,liquid
1002594,Foom Salt 30ml - Ibiza 30mg,Bangil,1,110000,liquid
1002714,Nikmat 60ml - V2 Blueberry Rolls Pastry 6mg,Bangil,1,145000,liquid
1002782,Ketan Jinak 60ml - 3mg,Bangil,1,130000,liquid
1002784,Ketan Jinak 60ml - 9mg,Bangil,1,130000,liquid
1002794,Monster Vape Labs 60ml - Blackberry 3mg,Bangil,1,200000,liquid
1002798,Monster Vape Labs 60ml - Grape 3mg,Bangil,1,200000,liquid
1002818,Besti Salt 30ml - Blueberry 30mg,Bangil,2,120000,liquid
1002821,Besti Salt 30ml - Thai Tea 30mg,Bangil,1,120000,liquid
1002850,Foom Salt 30ml - Icy Berry 30mg,Bangil,2,110000,liquid
1002851,Foom Salt 30ml - Icy Mango 30mg,Bangil,1,110000,liquid
1002863,Foom Salt Zodiac Series 30ml - Gemini 30mg,Bangil,1,110000,liquid
1002869,Foom Salt 30ml - Icy Menthol 50mg,Bangil,2,110000,liquid
1002875,Monster Vape Labs The Milk 15ml - Fruity 48mg,Bangil,1,115000,liquid
1002979,Hanna Pods Friendly Series 30ml - Mango 15mg,Bangil,3,75000,liquid
1002980,Moon Rabbit 60ml - Strawberry Peanut Mochi 3mg,Bangil,1,155000,liquid
1002991,Cake Drips 60ml - Banana 3mg,Bangil,1,145000,liquid
1003016,Foom Salt 30ml - Strawberry Ice Cream 30mg,Bangil,1,110000,liquid
1003151,Hanna Pods Friendly Series 30ml - Lychee 15mg,Bangil,2,75000,liquid
1003155,Mango Hanna 60ml - 3mg,Bangil,1,100000,liquid
1003160,Hanna Pods Friendly Series 30ml - Berry 15mg,Bangil,3,75000,liquid
1003162,Besti Salt 30ml - Lychee 30mg,Bangil,2,120000,liquid
1003215,Foom Salt 30ml - Blueberry Cheese Ice Cream 30mg,Bangil,1,110000,liquid
1003216,Foom Salt 30ml - Chocolate Ice Cream 30mg,Bangil,1,110000,liquid
1003228,American Fruity 60ml - Strawberry Smoothies 3mg,Bangil,1,140000,liquid
1003230,American Fruity Pod Friendly 30ml - Strawberry 12mg,Bangil,1,100000,liquid
1003253,Crackz Ice 60ml - Strawberry Cheese Ice Cream 6mg,Bangil,1,140000,liquid
1003259,Juta Freeze Salt 15ml - Double Mango 10mg,Bangil,1,40000,liquid
1003260,Juta Freeze Salt 15ml - Purple Grape 10mg,Bangil,1,40000,liquid
1003261,Komodo Breakfast 60ml - Not So Lazy 9mg,Bangil,1,145000,liquid
1003278,Monster Vape Labs 60ml - Banana 3mg,Bangil,1,200000,liquid
1003280,Monster Vape Labs 60ml - Blueberry 3mg,Bangil,1,200000,liquid
1003281,Monster Vape Labs 60ml - Blueberry 6mg,Bangil,1,200000,liquid
1003315,Nikmat 30ml - V2 Blueberry Rolls Pastry 15mg,Bangil,2,95000,liquid
1003396,American Winter Tea Edition 30ml - Lychee Tea 24mg,Bangil,2,115000,liquid
1003402,Bequ Series 60ml - Watermelon 3mg,Bangil,1,135000,liquid
1003408,Foom Salt 30ml - Iced Lemon Tea 30mg,Bangil,1,110000,liquid
1003481,Aflo Series 60ml - Nutty Caramel 6mg,Bangil,1,140000,liquid
1003484,Cendol Jinak 60ml - 3mg,Bangil,2,125000,liquid
1003503,Hanna Pods Friendly Series 30ml - Tea 15mg,Bangil,2,75000,liquid
1003527,Morning Astro 15ml - White Chocolate 3mg,Bangil,1,0,liquid
1003722,Hompimpa Top 60ml - 3mg,Bangil,1,150000,liquid
1003736,Aqua Salt 15ml - Menthol 25mg,Bangil,1,50000,liquid
1003737,Omnipod Pods Friendly 4 x 15ml - Milkshake 12mg,Bangil,3,35000,liquid
1003750,Foom Salt BW Series 30ml - Matcha Latte 30mg,Bangil,1,110000,liquid
1003804,Hanna Pods Friendly Series 30ml - Apple 15mg,Bangil,2,75000,liquid
1003826,Lunar Ice Cream 60ml - Japanese Ice Cream 3mg,Bangil,1,160000,liquid
1003847,Liqueen 60ml - V2 Strawberry Cheesecake 6mg,Bangil,1,150000,liquid
1003897,Crackz Ice Saltnic 30ml - V4 Pudding Ice Cream 25mg,Bangil,1,110000,liquid
1003901,LCV 60ml Creamy - Strawberry Stick 3mg,Bangil,2,90000,liquid
1003902,LCV 60ml Creamy - Strawberry Stick 6mg,Bangil,1,90000,liquid
1003903,LCV 60ml Creamy - Roti Eropa 3mg,Bangil,3,90000,liquid
1003904,LCV 60ml Creamy - Roti Eropa 6mg,Bangil,3,90000,liquid
1003920,Ox Passion 30ml - Ice Strawberry 30mg,Bangil,1,100000,liquid
1003972,Omnipod Pods Friendly 4 x 15ml - Fruity Tropical 12mg,Bangil,4,35000,liquid
1003973,Juta Freeze Salt 15ml - Korean Banana Ice Cream Mild 10mg,Bangil,3,40000,liquid
1003974,Juta Freeze Salt 15ml - Taro Ice Cream Mild 10mg,Bangil,4,40000,liquid
1003980,Foom Salt 30ml - Icy Lychee 30mg,Bangil,1,110000,liquid
1004026,Subohm Hero57 60ml Edition - Strawberry Doughnut 3mg,Bangil,1,155000,liquid
1004027,Subohm Hero57 60ml Edition - Strawberry Doughnut 6mg,Bangil,1,155000,liquid
1004111,Monster Vape Labs 60ml - Mango 3mg,Bangil,1,200000,liquid
1004112,Monster Vape Labs 60ml - Mango 6mg,Bangil,1,200000,liquid
1004117,Juta Mild Series 60ml - Rainbow Ice Cream 10mg,Bangil,1,140000,liquid
1004120,Cremelands Saltnic 30ml - Blueberry Cream 30mg,Bangil,1,100000,liquid
1004121,Cremelands Saltnic 30ml - Strawberry Cream 30mg,Bangil,1,100000,liquid
1004123,LCV 60ml Creamy - Blue Crepes 3mg,Bangil,2,90000,liquid
1004124,LCV 60ml Creamy - Blue Crepes 6mg,Bangil,2,90000,liquid
1004130,The O Rama 60ml - V4 Yubari Melon 3mg,Bangil,1,155000,liquid
1004144,Foom Salt 30ml - Red Apple 30mg,Bangil,1,110000,liquid
1004145,Foom Salt BW Series 30ml - Frappucino 30mg,Bangil,1,110000,liquid
1004152,Juta Freeze Salt 15ml - Artisan Coffee 10mg,Bangil,3,40000,liquid
1004155,Makna 60ml - Taro Cheese Milk 7mg,Bangil,1,140000,liquid
1004228,The O Rama Pods Friendly 30ml - V4 Yubari Melon 15mg,Bangil,1,95000,liquid
1004232,Ox Passion 30ml - Ice Cream Strawberry 30mg,Bangil,1,100000,liquid
1004239,Crackz Ice 60ml - V5 Blueberry Ice Cream 3mg,Bangil,1,140000,liquid
1004240,Crackz Ice 60ml - V5 Blueberry Ice Cream 6mg,Bangil,1,140000,liquid
1004271,Foom Salt 30ml - Vanilla Ice Cream 30mg,Bangil,1,110000,liquid
1004272,Foom Salt 30ml - Tiramisu Ice Cream 30mg,Bangil,1,110000,liquid
1004275,Foom Salt Tea Series 30ml - Strawberry Grape Tea 30mg,Bangil,1,110000,liquid
1004287,Hanna Pods Friendly Series 30ml - Watermelon 15mg,Bangil,2,75000,liquid
1004297,Rex 57 Saltnic 30ml - Blueberry Milk Toast 30mg,Bangil,1,120000,liquid
1004322,FCKS Saltnic 30ml - Vape Tounge Killer (Red) 30mg,Bangil,1,110000,liquid
1004346,Ox Passion 30ml - Ice Soursop 30mg,Bangil,1,100000,liquid
1004352,Foom Salt 30ml - Mixed Berry Ice Cream 30mg,Bangil,2,110000,liquid
1004385,Premium Donuts 60ml - Matcha 3mg,Bangil,1,145000,liquid
1004406,Hanna Pods Friendly Series 30ml - Matcha 15mg,Bangil,2,75000,liquid
1004436,Selleragoll Creamy Pods Friendly Series 15ml - Blueberry Poundcake 12mg,Bangil,1,37000,liquid
1004437,Selleragoll Creamy Pods Friendly Series 15ml - Cheese Poundcake 12mg,Bangil,1,37000,liquid
1004438,Selleragoll Creamy Pods Friendly Series 15ml - Strawberry Poundcake 12mg,Bangil,3,37000,liquid
1004452,Makna Seasalt 60ml - Caramel Latte 3mg,Bangil,1,140000,liquid
1004458,LCV Slim Saltnic Series 15ml - Black Purple 15mg,Bangil,8,40000,liquid
1004467,Cromboloni 60ml - Strawberry Cream 3mg,Bangil,1,155000,liquid
1004472,Crackz Ice 60ml - V6 Taro Ice Cream 3mg,Bangil,1,140000,liquid
1004473,Crackz Ice 60ml - V6 Taro Ice Cream 6mg,Bangil,1,140000,liquid
1004474,Crackz Ice Saltnic 30ml - V6 Taro Ice Cream 25mg,Bangil,1,110000,liquid
1004506,Parfait Saltnic 30ml - Strawberry 25mg,Bangil,1,75000,liquid
1004507,Parfait Saltnic 30ml - Strawberry 50mg,Bangil,1,75000,liquid
1004515,Hanna Pods Friendly Series 30ml - Blueberry 15mg,Bangil,1,75000,liquid
1004525,Subohm Hero57 60ml Edition - Blueberry Doughnut 9mg,Bangil,1,155000,liquid
1004526,Subohm Hero57 60ml Edition - Strawberry Doughnut 9mg,Bangil,1,155000,liquid
1004529,Juta Freeze Salt 15ml - Sweet Strawberry 10mg,Bangil,4,40000,liquid
1004544,Foom Salt 30ml - Green Kiwi 30mg,Bangil,1,110000,liquid
1004555,American Dessert V4 60ml - Milk Cheese Taro 6mg,Bangil,1,155000,liquid
1004556,Rex 57 60ml - Strawberry Milk Toast 9mg,Bangil,1,155000,liquid
1004558,Lunar Ice Cream 60ml - Banana Ice Cream 3mg,Bangil,1,160000,liquid
1004563,The O Rama 60ml - G2 Strawberry Cheesecake 3mg,Bangil,1,155000,liquid
1004564,The O Rama 60ml - G2 Strawberry Cheesecake 6mg,Bangil,1,155000,liquid
1004585,American Dessert V4 60ml - Milk Cheese Taro 9mg,Bangil,1,155000,liquid
1004586,Liquid Bobon 60ml - Cream Strawberry Cheese 3mg,Bangil,1,150000,liquid
1004587,Liquid Bobon 60ml - Cream Strawberry Cheese 6mg,Bangil,1,150000,liquid
1004588,Liquid Bobon 60ml - Cream Strawberry Cheese 9mg,Bangil,1,150000,liquid
1004592,Hanna Pods Friendly Series 30ml - Sousop 15mg,Bangil,1,75000,liquid
1004594,Bad Fellas 60ml - Vanilla Almond 3mg,Bangil,1,150000,liquid
1004605,Blondies Blast Series 60ml - Blueberry Muffin 3mg,Bangil,2,155000,liquid
1004609,Juta Freeze Salt 15ml - Red Apple 10mg,Bangil,2,40000,liquid
1004612,Monster Vape Labs 60ml - Raspberry 3mg,Bangil,1,200000,liquid
1004616,Suxx Xeed 60ml - Puff Purple Chevvy 6mg,Bangil,1,160000,liquid
1004631,Crackz Ice 60ml - V7 Cookies Ice Cream 3mg,Bangil,1,140000,liquid
1004632,Crackz Ice 60ml - V7 Cookies Ice Cream 6mg,Bangil,1,140000,liquid
1004633,Crackz Ice 60ml - V8 Matcha Ice Cream 3mg,Bangil,1,140000,liquid
1004637,Takis Es Poeter Saltnic Series 30ml - Alpukat 30mg,Bangil,1,69000,liquid
1004638,Takis Es Poeter Saltnic Series 30ml - Coklat 30mg,Bangil,1,69000,liquid
1004639,Takis Es Poeter Saltnic Series 30ml - Ketan Hitam 30mg,Bangil,1,69000,liquid
1004640,Takis Es Poeter Saltnic Series 30ml - Strawberry 30mg,Bangil,1,69000,liquid
1004643,Juta Freeze Salt 15ml - Lychee 10mg,Bangil,1,40000,liquid
1004644,Hanna Pods Friendly Series 30ml - Taro 15mg,Bangil,2,75000,liquid
1004646,Makna 60ml - Berry Dough Ice 7mg,Bangil,1,140000,liquid
1004673,Crackz Ice 60ml - V9 Indonesia Ice Cream 3mg,Bangil,1,140000,liquid
1004676,Makna 60ml - Matcha Coconut Mousse 3mg,Bangil,1,140000,liquid
1004678,Crackz Ice 60ml - V9 Indonesia Ice Cream 6mg,Bangil,1,140000,liquid
1004683,Ox Passion Premium 30ml - Lychee Peach 30mg,Bangil,1,105000,liquid
1004684,Ox Passion Premium 30ml - Mango Peach Guava 30mg,Bangil,1,105000,liquid
1004686,Suxx Xeed 60ml - Puff Strawberry Froyo 3mg,Bangil,1,160000,liquid
1004687,Suxx Xeed 60ml - Puff Strawberry Froyo 6mg,Bangil,1,160000,liquid
1004701,Hanna Pods Friendly Series 15ml - Matcha 15mg,Bangil,2,40000,liquid
1004708,Takis Saltnic Series 30ml - Mango Peach 30mg,Bangil,1,69000,liquid
1004709,Takis Saltnic Series 30ml - Strawberry Watermelon 30mg,Bangil,2,69000,liquid
1004718,Bule Bolu Saltnic 30ml - 35mg,Bangil,1,120000,liquid
1004719,Vanillalicious Saltnic 30ml - 35mg,Bangil,1,120000,liquid
1004720,Dopamine Series Saltnic Pack 15ml - Candy 9mg,Bangil,1,37500,liquid
1004725,Inverse 60ml - Stardust 3mg,Bangil,1,160000,liquid
1004726,Inverse 60ml - Stardust 6mg,Bangil,2,160000,liquid
1004728,Yelo 60ml - Blueberry Cheese Tart 7mg,Bangil,1,100000,liquid
1004729,Yelo 60ml - Matcha Milk Cheese 3mg,Bangil,1,95000,liquid
1004732,Yelo 60ml - Taro Milk Cheese 7mg,Bangil,1,100000,liquid
1004735,Besti Salt Matcha Series 30ml - Lychee Matcha 30mg,Bangil,1,120000,liquid
1004736,Besti Salt Matcha Series 30ml - Strawberry Matcha 30mg,Bangil,1,120000,liquid
1004752,The Coffin Pop 60ml - Asian Dolce Latte 4mg,Bangil,1,160000,liquid
1004753,The Coffin Pop 60ml - Asian Dolce Latte 7mg,Bangil,1,160000,liquid
1004755,Crackz Ice Pack Saltnic 15ml - V6 Taro Ice Cream 25mg,Bangil,2,47000,liquid
1004756,Crackz Ice Pack Saltnic 15ml - V8 Matcha Ice Cream 25mg,Bangil,3,47000,liquid
1004759,Bequ Mix Series 60ml - Banana Kiwi 3mg,Bangil,1,135000,liquid
1004763,Berry Mochi 60ml - 3mg,Bangil,1,150000,liquid
1004764,Berry Mochi 60ml - 6mg,Bangil,1,150000,liquid
1004766,Liquid Bobon 60ml - Cream Blueberry Cheese 6mg,Bangil,2,150000,liquid
1004770,Vem Jam Series 60ml - Blueberry Jam 6mg,Bangil,1,155000,liquid
1004773,Hanna Pods Friendly Bubblegum Series 30ml - Mango 15mg,Bangil,1,75000,liquid
1004774,Hanna Pods Friendly Bubblegum Series 30ml - Melon 15mg,Bangil,1,75000,liquid
1004775,Hanna Pods Friendly Bubblegum Series 30ml - Strawberry 15mg,Bangil,2,75000,liquid
1004781,Blondies 60ml - V3 Blueberry Cheese Cream Bake 8mg,Bangil,1,150000,liquid
1004795,R99 Cream 60ml - Pistachio Cheesecake 6mg,Bangil,1,155000,liquid
1004799,Soonix Saltnic Series 30ml - Ice Strawberry Smoothie 30mg,Bangil,1,115000,liquid
1004821,Crackz Ice Saltnic Fruity Series 30ml - Lychee 25mg,Bangil,1,110000,liquid
1004823,Crackz Ice Saltnic Fruity Series 30ml - Strawberry 25mg,Bangil,1,110000,liquid
1004829,Suxx Xeed 60ml - Choco Bandeja 6mg,Bangil,2,160000,liquid
1004830,Suxx Xeed 60ml - Vanilla Vibora 3mg,Bangil,1,160000,liquid
1004831,Suxx Xeed 60ml - Vanilla Vibora 6mg,Bangil,1,160000,liquid
1004843,American Winter Candy Saltnic 30ml - Pineapple 24mg,Bangil,1,115000,liquid
1004845,The O Rama 60ml - V4 Banana Butter Toast 3mg,Bangil,1,155000,liquid
1004846,The O Rama 60ml - V4 Banana Butter Toast 6mg,Bangil,1,155000,liquid
1004847,The O Rama Pods Friendly 30ml - V4 Banana Butter Toast 15mg,Bangil,1,95000,liquid
1004848,Cheeze Masterpiece 60ml - Honeydew Cheese 3mg,Bangil,1,150000,liquid
1004860,Crackz Ice Saltnic Fruity Series 30ml - Blackcurrant 25mg,Bangil,1,110000,liquid
1004861,Crackz Ice Saltnic Fruity Series 30ml - Honeydew 25mg,Bangil,1,110000,liquid
1004862,Crackz Ice Saltnic Fruity Series 30ml - Mango 25mg,Bangil,1,110000,liquid
1004864,Foom Salt Asian Series 30ml - Thai Mango Sticky Rice 30mg,Bangil,1,110000,liquid
1004865,Foom Salt Asian Series 30ml - Vietnam Drip Coffee 30mg,Bangil,1,110000,liquid
1004875,R99 Cream 60ml - Pistachio Cheesecake 3mg,Bangil,1,155000,liquid
1004879,Makna Sachet Saltnic Series 6 x 15ml - Cool Mango 20mg,Bangil,2,47000,liquid
1004883,Takis Saltnic Series 30ml - Blueberry Kiwi 30mg,Bangil,1,69000,liquid
1004884,Takis Saltnic Series 30ml - Melon Blackberry 30mg,Bangil,2,69000,liquid
1004889,Crackz Ice Pack Saltnic 15ml - V1 Strawberry Cheese Ice Cream 25mg,Bangil,1,47000,liquid
1004890,Crackz Ice Pack Saltnic 15ml - V5 Blueberry Ice Cream 25mg,Bangil,5,47000,liquid
1004891,Crackz Ice Pack Saltnic 15ml - V7 Cookies Ice Cream 25mg,Bangil,1,47000,liquid
1004911,Bequ Mix Series 60ml - Mango Raspberry 3mg,Bangil,1,135000,liquid
1004913,Bequ Saltnic Mix Series 30ml - Mango Raspberry 30mg,Bangil,1,110000,liquid
1004916,Lunar Donut 60ml - Strawberry Cream 3mg,Bangil,1,160000,liquid
1004918,Lunar Donut Saltnic 30ml - Strawberry Cream 30mg,Bangil,1,120000,liquid
1004929,Foom Salt Smoothies Series 30ml - Strawberry 30mg,Bangil,1,110000,liquid
1004930,Takis Saltnic Series 30ml - Banana Kiwi 30mg,Bangil,1,69000,liquid
1004931,Takis Saltnic Series 30ml - Grape Apple 30mg,Bangil,2,69000,liquid
1004932,Takis Saltnic Series 30ml - Pineapple Mango 30mg,Bangil,2,69000,liquid
1004934,Takis Es Poeter Saltnic Series 30ml - Jagung 30mg,Bangil,1,69000,liquid
1004941,Furla 60ml - V3 Melon Pudding 6mg,Bangil,1,155000,liquid
1004942,Crackz Ice Pack Saltnic 15ml - V10 Honeydew Ice Cream 25mg,Bangil,3,47000,liquid
1004948,Tokyo Wafer Series 60ml - Wafer Chocolate 3mg,Bangil,2,160000,liquid
1004949,Tokyo Wafer Series 60ml - Wafer Chocolate 6mg,Bangil,2,160000,liquid
1004954,Foom Salt Slof Series 15ml - Icy Strawberry 30mg,Bangil,1,57500,liquid
1004955,Foom Salt Slof Series 15ml - Matcha Latte 30mg,Bangil,3,57500,liquid
1004968,Omnipod Pods Friendly 4 x 15ml - V2 Ice Cream Series 12mg,Bangil,1,35000,liquid
1004969,ZLabs 60ml - Strawberry Jam Biscuit 3mg,Bangil,1,150000,liquid
1004971,Juicenation Friendly Pack Fruity Series 4 x 15ml - Kiwi Apple 25mg,Bangil,2,40000,liquid
1004972,Juicenation Friendly Pack Fruity Series 4 x 15ml - Mango 25mg,Bangil,1,40000,liquid
1004977,Inverse X Tonga 60ml - Green Mambo 3mg,Bangil,2,160000,liquid
1004978,Inverse X Tonga 60ml - Green Mambo 6mg,Bangil,2,160000,liquid
1004985,Juta Freeze Salt 15ml - Blackcurrant 10mg,Bangil,2,40000,liquid
1004986,Juta Freeze Salt 15ml - Watermelon 10mg,Bangil,1,40000,liquid
1004987,Robacks Monster Ice Cream Line 60ml - Matcha 3mg,Bangil,1,155000,liquid
1004988,Robacks Monster Ice Cream Line 60ml - Matcha 6mg,Bangil,1,155000,liquid
1004989,Robacks Monster Ice Cream Line 60ml - Monas 3mg,Bangil,1,155000,liquid
1004990,Robacks Monster Ice Cream Line 60ml - Monas 6mg,Bangil,1,155000,liquid
1004991,Robacks Monster Ice Cream Line 60ml - Salted Caramel 3mg,Bangil,1,155000,liquid
1004992,Robacks Monster Ice Cream Line 60ml - Salted Caramel 6mg,Bangil,1,155000,liquid
1004995,Crackz Ice Saltnic Bubblegum Series 30ml - Honeydew 25mg,Bangil,1,110000,liquid
1004998,Omnipod Pods Friendly 4 x 15ml - Fruity 12mg,Bangil,2,35000,liquid
1004999,Omnipod Pods Friendly 4 x 15ml - V2 Creamy 12mg,Bangil,1,35000,liquid
1005001,Lunar Ice Cream 60ml - Strawberry Cheesecake 3mg,Bangil,1,160000,liquid
1005002,Lunar Ice Cream 60ml - Strawberry Cheesecake 6mg,Bangil,2,160000,liquid
1005004,Tokyo Wafer Saltnic Series 30ml - Wafer Vanilla 30mg,Bangil,1,120000,liquid
1005005,LCV Saltnic Creamy Series 30ml - Blue Crepes 30mg,Bangil,1,75000,liquid
1005006,LCV Saltnic Creamy Series 30ml - Cake Lady Banana 30mg,Bangil,1,75000,liquid
1005007,LCV Saltnic Creamy Series 30ml - Cake Lady Strawberry 30mg,Bangil,1,75000,liquid
1005008,LCV Saltnic Creamy Series 30ml - Roti Eropa 30mg,Bangil,1,75000,liquid
1005010,LCV Saltnic Creamy Series 30ml - Strawberry Stick 30mg,Bangil,1,75000,liquid
1005011,Takis Saltnic Series 30ml - Guava Strawberry 30mg,Bangil,1,69000,liquid
1005012,Takis Saltnic Series 30ml - Lychee Pear 30mg,Bangil,1,69000,liquid
1005013,Takis Saltnic Series 30ml - Markisa Kelapa 30mg,Bangil,1,69000,liquid
1005015,Makna Ice Seasalt 60ml - Caramel Latte 6mg,Bangil,1,140000,liquid
1005016,Makna Ice Saltnic Series 30ml - Berry Dough 30mg,Bangil,1,120000,liquid
1005017,Makna Ice Saltnic Series 30ml - Seasalt Caramel Latte 30mg,Bangil,1,120000,liquid
1005018,Makna Ice Saltnic Series 30ml - Taro Cheese Milk 30mg,Bangil,1,120000,liquid
1005019,Liqueen 60ml - V4 Tokyo Banana Strawberry Ginza 3mg,Bangil,1,150000,liquid
1005020,Liqueen 60ml - V4 Tokyo Banana Strawberry Ginza 6mg,Bangil,1,150000,liquid
1005022,Crackz 60ml - Banana Softcake 3mg,Bangil,2,140000,liquid
1005023,Crackz 60ml - Banana Softcake 6mg,Bangil,2,140000,liquid
1005024,Crackz Saltnic Series 30ml - Banana Softcake 25mg,Bangil,1,110000,liquid
1005026,Omnipod Pods Friendly 4 x 15ml - V1 Creamy 12mg,Bangil,4,35000,liquid
1005028,A La Carte 60ml - Butter Break 6mg,Bangil,1,150000,liquid
1005030,Tokyo Banana Strawberry 60ml - 6mg,Bangil,1,160000,liquid
1005031,Paradewa Saltnic Ice Edition 30ml - Anggur Athena 30mg,Bangil,1,125000,liquid
1005032,Paradewa Saltnic Ice Edition 30ml - Apel Zeus 30mg,Bangil,1,125000,liquid
1005036,Suxx Xeed 60ml - Monberry Froyo 6mg,Bangil,1,160000,liquid
1005039,Hiro Ice Cream Series 60ml - Cookies Ice Cream 3mg,Bangil,1,115000,liquid
1005040,Hiro Ice Cream Series 60ml - Cookies Ice Cream 6mg,Bangil,1,115000,liquid
1005041,Hiro Ice Cream Series 60ml - Strawberry Ice Cream 3mg,Bangil,1,115000,liquid
1005042,Hiro Ice Cream Series 60ml - Strawberry Ice Cream 6mg,Bangil,1,115000,liquid
1005043,Hiro Ice Cream Series 60ml - Vanilla Ice Cream 3mg,Bangil,1,115000,liquid
1005044,Hiro Ice Cream Series 60ml - Vanilla Ice Cream 6mg,Bangil,1,115000,liquid
1005045,Takis Saltnic Warkop Series 30ml - Sari Sari Anggur 30mg,Bangil,1,69000,liquid
1005046,Takis Saltnic Warkop Series 30ml - Sari Sari Jambu 30mg,Bangil,1,69000,liquid
1005047,Takis Saltnic Warkop Series 30ml - Sari Sari Jeruk 30mg,Bangil,1,69000,liquid
1005048,Takis Saltnic Warkop Series 30ml - Sari Sari Mangga 30mg,Bangil,2,69000,liquid
1005049,Takis Saltnic Warkop Series 30ml - Sari Sari Melon 30mg,Bangil,1,69000,liquid
1005050,WD Escape Series 60ml - Honeydew Creme Smush 3mg,Bangil,1,150000,liquid
1005051,WD Escape Series 60ml - Honeydew Creme Smush 6mg,Bangil,1,150000,liquid
1005053,WD Escape Series 60ml - Mango Creme Smush 6mg,Bangil,1,150000,liquid
1005054,WD Escape Series 60ml - Strawberry Creme Smush 3mg,Bangil,1,150000,liquid
1005055,WD Escape Series 60ml - Strawberry Creme Smush 6mg,Bangil,1,150000,liquid
1005057,Bequ Saltnic Mix Series 30ml - Banana Kiwi 30mg,Bangil,1,110000,liquid
1005059,Drip State 60ml - Butter Bread with Original Filling 3mg,Bangil,1,140000,liquid
1005061,Hanna Pods Friendly Bubblegum Series 15ml - Grape 15mg,Bangil,1,40000,liquid
1005065,Foom Salt Max Series 30ml - Icy Blackcurrant 30mg,Bangil,1,110000,liquid
1005066,Foom Salt Max Series 30ml - Icy Honeydew 30mg,Bangil,1,110000,liquid
1005069,Hanna Pods Friendly Pudding Series 30ml - Blueberry 15mg,Bangil,1,75000,liquid
1005070,Hanna Pods Friendly Pudding Series 30ml - Lychee 15mg,Bangil,1,75000,liquid
1005071,Hanna Pods Friendly Pudding Series 30ml - Strawberry 15mg,Bangil,1,75000,liquid
1005072,Liquid Bobon 60ml - Cream Blueberry Cheese 9mg,Bangil,1,150000,liquid
1005073,Liquid Bobon 60ml - Cream Mango Cheese 3mg,Bangil,1,150000,liquid
1005074,Liquid Bobon 60ml - Cream Mango Cheese 6mg,Bangil,1,150000,liquid
1005076,Rata 60ml - Canepose Tart 3mg,Bangil,1,150000,liquid
1005077,Rata 60ml - Canepose Tart 6mg,Bangil,1,150000,liquid
1005078,Rata 60ml - Canepose Tart 12mg,Bangil,1,150000,liquid
1005081,Rata 60ml - Lottabis Crackers 12mg,Bangil,1,150000,liquid
1005082,Rata 60ml - Swellow Berry 3mg,Bangil,1,150000,liquid
1005084,Rata 60ml - Swellow Berry 12mg,Bangil,1,150000,liquid
1005085,Crackz 60ml - Tiramisu Cake 3mg,Bangil,1,140000,liquid
1005089,Lunar Biscuit Series 60ml - Biscuit Cream Vanilla 3mg,Bangil,1,160000,liquid
1005090,Lunar Biscuit Series 60ml - Biscuit Cream Vanilla 6mg,Bangil,1,160000,liquid
1005091,Lunar Saltnic Biscuit Series 30ml - Biscuit Cream Vanilla 30mg,Bangil,1,120000,liquid
1005092,Lunar Ice Cream 60ml - Mochi Vanilla 3mg,Bangil,1,160000,liquid
1005093,Lunar Ice Cream 60ml - Mochi Vanilla 6mg,Bangil,1,160000,liquid
1005095,Tokyo Bun Series 60ml - Original 6mg,Bangil,1,160000,liquid
1005096,Tokyo Bun Saltnic Series 30ml - Original 30mg,Bangil,2,120000,liquid
1005098,TRML 60ml - Creme Brulee 4mg,Bangil,1,160000,liquid
1005100,TRML 60ml - Creme Cake 4mg,Bangil,1,160000,liquid
1005101,TRML 60ml - Creme Cake 7mg,Bangil,1,160000,liquid
1005103,Omnipod Pods Friendly 4 x 15ml - V2 Bubblegum 12mg,Bangil,1,35000,liquid
1005104,Omnipod Pods Friendly 4 x 15ml - V1 Ice Cream 12mg,Bangil,3,35000,liquid
1005105,Bananalicious Saltnic 30ml - Blueberry Banana Cream 35mg,Bangil,1,120000,liquid
1005107,Monster Vape Labs 60ml - Mixed Berry 3mg,Bangil,1,200000,liquid
1005110,Drip State 60ml - Butter Bread Choco Feeling 3mg,Bangil,1,140000,liquid
1005113,Drip State 60ml - Butter Bread Japanese Ice Cream Feeling 6mg,Bangil,1,140000,liquid
1005118,Omnipod Pods Friendly 4 x 15ml - Coffee 12mg,Bangil,5,35000,liquid
1005119,Rex 57 60ml - Honeydew Milk Toast 3mg,Bangil,1,155000,liquid
1005120,Rex 57 60ml - Honeydew Milk Toast 6mg,Bangil,1,155000,liquid
1005121,Rex 57 Saltnic 30ml - Honeydew Milk Toast 30mg,Bangil,1,120000,liquid
1005122,Tokyo Wafer Series 60ml - Wafer Srikaya 3mg,Bangil,1,160000,liquid
1005123,Tokyo Wafer Series 60ml - Wafer Srikaya 6mg,Bangil,1,160000,liquid
1005131,Ox Passion Premium 30ml - Matcha Ice Cream 30mg,Bangil,1,105000,liquid
1005132,Ox Passion Premium 30ml - Orange Squash 30mg,Bangil,1,105000,liquid
1005135,Lunar Biscuit Series 60ml - Biscuit Chocolate 6mg,Bangil,1,160000,liquid
1005136,Lunar Saltnic Biscuit Series 30ml - Biscuit Chocolate 30mg,Bangil,2,120000,liquid
1005137,Inverse Crunchy Series 60ml - Twister 6mg,Bangil,1,160000,liquid
1005138,Inverse Crunchy Series 60ml - Vanilla Creed 3mg,Bangil,1,160000,liquid
1005139,Inverse Crunchy Series 60ml - Vanilla Creed 6mg,Bangil,1,160000,liquid
1005140,Crackz 60ml - Strawberry Banana Cream 3mg,Bangil,1,140000,liquid
1005142,Crackz Saltnic Series 30ml - Strawberry Banana Cream 25mg,Bangil,1,110000,liquid
1005143,Lunar Ice Cream 60ml - Mochi Strawberry 3mg,Bangil,1,160000,liquid
1005144,Lunar Ice Cream 60ml - Mochi Strawberry 6mg,Bangil,1,160000,liquid
1005145,Lunar Ice Cream 30ml - Mochi Strawberry 30mg,Bangil,1,120000,liquid
1005147,Hanna Pods Friendly Pudding Series 15ml - Blueberry 15mg,Bangil,1,40000,liquid
1005148,Hanna Pods Friendly Pudding Series 15ml - Lychee 15mg,Bangil,2,40000,liquid
1005151,Hanna Pods Friendly Series 30ml - Pineapple 15mg,Bangil,2,75000,liquid
1005152,Avo 60ml - Strawberry Avocado 3mg,Bangil,1,155000,liquid
1005153,Avo 60ml - Strawberry Avocado 6mg,Bangil,1,155000,liquid
1005155,Avo Ice 60ml - Strawberry Avocado Ice 6mg,Bangil,1,155000,liquid
1005156,Avo Ice Saltnic 30ml - Strawberry Avocado Ice 30mg,Bangil,1,120000,liquid
1005157,The O Rama 60ml - V3 Creme Brulle 3mg,Bangil,2,155000,liquid
1005159,The O Rama Pods Friendly 30ml - V3 Creme Brulle 15mg,Bangil,1,95000,liquid
1005160,Lunar Ice Cream 60ml - Rainbow 3mg,Bangil,1,160000,liquid
1005161,Lunar Ice Cream 60ml - Rainbow 6mg,Bangil,1,160000,liquid
1005165,Crackz Ice Fruity 60ml - Blackcurrant 3mg,Bangil,2,140000,liquid
1005166,Omnipod Pods Friendly 4 x 15ml - Drink 12mg,Bangil,2,35000,liquid
1005167,Omnipod Pods Friendly 4 x 15ml - Pudding 12mg,Bangil,3,35000,liquid
1005168,Takis Saltnic Tipruti Series 30ml - Apple 30mg,Bangil,1,69000,liquid
1005169,Takis Saltnic Tipruti Series 30ml - Blackcurrant 30mg,Bangil,1,69000,liquid
1005170,Takis Saltnic Tipruti Series 30ml - Passion Fruit 30mg,Bangil,2,69000,liquid
1005171,Taze Saltnic 30ml - Ice Apple Punch 30mg,Bangil,2,110000,liquid
1005172,Taze Saltnic 30ml - Ice Freezy Fruity 30mg,Bangil,2,110000,liquid
1005174,Taze Saltnic 30ml - Ice Mango Blast 30mg,Bangil,2,110000,liquid
1005175,Taze Saltnic Ice Candymilk Series 30ml - Honeydew 30mg,Bangil,1,110000,liquid
1005176,Taze Saltnic Ice Candymilk Series 30ml - Strawberry 30mg,Bangil,2,110000,liquid
1005177,Taze Saltnic Ice Candymilk Series 30ml - Taro 30mg,Bangil,2,110000,liquid
1005178,Taze Saltnic Ice Candymilk Series 30ml - Watermelon 30mg,Bangil,2,110000,liquid
1005179,Taze Saltnic Ice Cream Series 30ml - Cola Vanilla 30mg,Bangil,2,110000,liquid
1005180,Taze Saltnic Ice Cream Series 30ml - Redsoda Vanilla 30mg,Bangil,2,110000,liquid
1005181,Taze Saltnic Ice Cream Series 30ml - Rootbeer Vanilla 30mg,Bangil,2,110000,liquid
1005182,Taze Saltnic Ice Nutri Series 30ml - Anggur 30mg,Bangil,2,110000,liquid
1005183,Taze Saltnic Ice Nutri Series 30ml - Blackcurrant 30mg,Bangil,1,110000,liquid
1005184,Taze Saltnic Ice Nutri Series 30ml - Blewah 30mg,Bangil,2,110000,liquid
1005185,Taze Saltnic Ice Nutri Series 30ml - Guava 30mg,Bangil,1,110000,liquid
1005186,Taze Saltnic Ice Nutri Series 30ml - Jeruk 30mg,Bangil,2,110000,liquid
1005187,Taze Saltnic Ice Nutri Series 30ml - Lychee 30mg,Bangil,2,110000,liquid
1005189,Taze Saltnic Ice Nutri Series 30ml - Pineapple 30mg,Bangil,2,110000,liquid
1005190,Taze Saltnic Ice Nutri Series 30ml - Strawberry 30mg,Bangil,2,110000,liquid
1005192,Juta Freeze Salt Bubblegum Series 15ml - Grape Bubblegum 10mg,Bangil,1,40000,liquid
1005193,Juta Freeze Salt Bubblegum Series 15ml - Melon Bubblegum,Bangil,2,40000,liquid
1005194,Juta Freeze Salt Bubblegum Series 15ml - Mix Bubblegum 10mg,Bangil,3,40000,liquid
1005195,Tokyo Toast 60ml - Strawberry Butter Toast 3mg,Bangil,1,160000,liquid
1005196,Tokyo Toast 60ml - Strawberry Butter Toast 6mg,Bangil,1,160000,liquid
1005197,Tokyo Toast Saltnic 30ml - Strawberry Butter Toast 30mg,Bangil,1,120000,liquid
1005198,Tokyo Bun Series 60ml - Coffee 3mg,Bangil,2,160000,liquid
1005199,Tokyo Bun Series 60ml - Coffee 6mg,Bangil,1,160000,liquid
1005200,Tokyo Bun Saltnic Series 30ml - Coffee 30mg,Bangil,1,120000,liquid
1005201,Crackz Ice Fruity 60ml - Honeydew 3mg,Bangil,1,140000,liquid
1005203,Crackz Ice Fruity 60ml - Muscat 3mg,Bangil,1,140000,liquid
1005204,Crackz Ice Saltnic Fruity Series 30ml - Apple 25mg,Bangil,1,110000,liquid
1005205,Crackz Ice Saltnic Fruity Series 30ml - Kiwi 25mg,Bangil,1,110000,liquid
1005206,Crackz Ice Saltnic Fruity Series 30ml - Peach 25mg,Bangil,1,110000,liquid
1005207,Crackz Ice Saltnic Fruity Series 30ml - Watermelon 25mg,Bangil,1,110000,liquid
1005208,Crackz Ice Saltnic Bubblegum Series 30ml - Grape 25mg,Bangil,1,110000,liquid
1005209,Crackz Ice Saltnic Bubblegum Series 30ml - Tutti Frutti 25mg,Bangil,1,110000,liquid
1005210,Liquid Dead Squad 60ml - V2 The Black Triangle 3mg,Bangil,2,160000,liquid
1005211,Liquid Dead Squad 60ml - V2 The Black Triangle 6mg,Bangil,2,160000,liquid
1005212,Crackz Ice 60ml - V12 White Chocolate Ice Cream 3mg,Bangil,1,140000,liquid
1005213,Crackz Ice 60ml - V12 White Chocolate Ice Cream 6mg,Bangil,1,140000,liquid
1005214,Crackz Ice Saltnic 30ml - V12 White Chocolate Ice Cream 25mg,Bangil,1,110000,liquid
1005215,American Ice Cream 60ml - Avocado Banana 3mg,Bangil,1,155000,liquid
1005216,American Ice Cream 60ml - Salted Caramel 3mg,Bangil,1,155000,liquid
1005217,American Ice Cream 60ml - Strawberry 3mg,Bangil,1,155000,liquid
1005218,American Ice Cream 60ml - Taro 3mg,Bangil,1,155000,liquid
2000002,Cotton Bacon Prime,Bangil,4,75000,coil dan wire
2000014,Smok RPM RGC Coil - 0.17 Ohm,Bangil,2,40000,coil dan wire
2000016,Party Dog Prebuilt Coils - Alien Twisted Messes,Bangil,2,100000,coil dan wire
2000024,Narada Pro Coil - 1.0 Ohm,Bangil,1,35000,coil dan wire
2000026,Coil Pal II Artery - 0.4 Ohm,Bangil,1,30000,coil dan wire
2000027,Oxva Unicoil - 0.5 Ohm,Bangil,1,35000,coil dan wire
2000029,Voopoo Coil - 1.0 Ohm,Bangil,4,40000,coil dan wire
2000031,Kendo Cotton - Gold Edition,Bangil,1,80000,coil dan wire
2000049,Ultra Boost Coil - M3 0.15 ohm,Bangil,9,35000,coil dan wire
2000051,Ez Coil - 0.4 ohm,Bangil,4,25000,coil dan wire
2000053,Vapertize Coil - Alien Electrical V3,Bangil,9,50000,coil dan wire
2000056,Coil Oukitel - 0.6Ohm,Bangil,3,50000,coil dan wire
2000057,Sigelei Fog Coil - 0.15 Ohm,Bangil,2,33000,coil dan wire
2000068,Coil Hotcig Marvel - 1.2 Ohm,Bangil,2,40000,coil dan wire
2000069,Coil Hotcig Marvel - 0.6 Ohm,Bangil,2,40000,coil dan wire
2000105,Coil Ultra Boost V2 - M4 0.2 Ohm,Bangil,3,35000,coil dan wire
2000108,Coil Vaporstorm Flame - 1.2 Ohm,Bangil,2,30000,coil dan wire
2000111,S Coil - 1.2 Ohm,Bangil,5,25000,coil dan wire
2000114,Lust Luxury Cotton - Fiber,Bangil,5,55000,coil dan wire
2000116,Coil R57,Bangil,4,35000,coil dan wire
2000141,Coil Nautilus 2s - 0.7 Ohm,Bangil,5,30000,coil dan wire
2000142,Coil Smok RPM - 0.23 Ohm,Bangil,3,40000,coil dan wire
2000147,Perfect Build x Vapertize - 0.16 Ohm,Bangil,10,80000,coil dan wire
2000150,ITO Coil M0 - 0.5 Ohm,Bangil,5,36000,coil dan wire
2000154,Coil Oxva Khantal A1 - 1.0 Ohm,Bangil,1,35000,coil dan wire
2000166,ITO Coil M1 - 0.7 Ohm,Bangil,2,36000,coil dan wire
2000167,Coil Aspire Cloudflask - 0.17 Ohm,Bangil,1,47000,coil dan wire
2000174,Coil Crown M - 0.6 Ohm,Bangil,4,37500,coil dan wire
2000186,Malomo Prebuilt Coil - AIO Edition Orange 0.13 Ohm - 0.34 Ohm,Bangil,2,70000,coil dan wire
2001351,Foom Pod X Bundling - Absolute Black,Bangil,1,200000,device
2001381,Boro Space Pod Pom - White,Bangil,1,380000,device
2001611,Volx Stick Pod Package - Pink Blaze,Bangil,1,165000,device
2001663,TRML T99 Mod - Black Panther,Bangil,1,500000,device
2001685,Oxva Nexlim Pod Kit - Dark Brown,Bangil,1,360000,device
2001694,Centaurus M100 Box Mod - Concerto Gunmetal,Bangil,1,430000,device
2001788,TRML T28 Pod Kit - Soft Pink,Bangil,1,170000,device
2001814,Oxva Xlim Go 2 Bundling - Black Shadow,Bangil,1,199000,device
2001819,Oxva Xlim Go 2 Bundling - Metal Silver,Bangil,1,199000,device
2001820,Oxva Xlim Go 2 Bundling - Pink Ripple,Bangil,1,199000,device
2001822,TRML T28 Pod Kit Bundling - Earthy Brown,Bangil,1,200000,device
2001828,Drag 3 Mod Only - Eagle Grey,Bangil,1,250000,device
2001830,VSEE One Pod Kit - Mint Green,Bangil,1,99000,device
2001832,VSEE One Pod Kit - Porcelain White,Bangil,1,99000,device
2001857,Oxva Xlim Pro 3 Pod Kit - Race Red,Bangil,1,315000,device
2001859,Oxva Xlim Pro 3 Pod Kit - Titanium Silk,Bangil,1,315000,device
2001903,Oxva Xlim 3 Ultra Pod Kit - Metal Silver,Bangil,1,365000,device
2001905,Oxva Xlim 3 Ultra Pod Kit - Mint Green,Bangil,1,365000,device
2001926,TRML T88 Mod Kit - Black Panther,Bangil,1,750000,device
2001953,Foom Pod X Bundling - Deep Blue,Bangil,1,200000,device
2001955,Foom Pod X Bundling - Storm Gray,Bangil,1,200000,device
2001962,ION Lite Pod Kit Bundling Liquid Ox Passion - Maroon,Bangil,1,155000,device
2001965,Foom Pod X Switch Bundling - Green,Bangil,1,210000,device
2001970,Nixx Filter Pod Kit Bundling - Artic Blue,Bangil,1,225000,device
3000333,Inner Colourfull for Dot AIO V2 - Pattern,Bangil,1,180000,atomizer
3000334,Inner Colourfull for Dot AIO V2 - Letter,Bangil,1,180000,atomizer
3000354,Boro Proro Crystal - Smoke,Bangil,1,200000,atomizer
3000513,Cinqu Terre Mod 70Watt - Black,Bangil,1,600000,device
3001240,Vaptio Avocado Baby Pod - Triple Black,Bangil,1,285000,device
3001308,Stalk RTA 24MM - Matte Black,Bangil,1,340000,atomizer
3001329,Dead Rabbit V3 - Blue Carbon Fiber,Bangil,1,330000,atomizer
3001346,Dead Rabbit RDA V4 24MM - Gold,Bangil,1,315000,atomizer
3001351,Stalk CDZ RTA 22MM - SS,Bangil,1,360000,atomizer
3001353,Dead Rabbit RTA V4 28MM - Black Gold,Bangil,1,375000,atomizer
3001357,San RDA 24MM - Brushed SS,Bangil,1,320000,atomizer
3001359,Stalker Kit Package - SS,Bangil,1,350000,atomizer
3001361,Dead Rabbit RTA V4 28MM - Matte Full Black,Bangil,1,375000,atomizer
4000021,Kuken Tech BlackSmith Mini Tool Kit,Bangil,5,80000,accessories
4000028,Adapter Atomizer VVW Neutral 510 Smok RPM,Bangil,1,100000,accessories
4000029,Adapter Atomizer VVW Neutral 510 Vinc,Bangil,1,100000,accessories
4000036,Baut Tanam M2.5 x 4 min minus stainless steel 2.5l,Bangil,2,5000,accessories
4000043,Adapter Aegis Boost,Bangil,2,45000,accessories
4000053,Katchiring - SS 24mm,Bangil,1,220000,accessories
4000054,Katchiring - SS 26mm,Bangil,1,240000,accessories
4000063,Lanyard Printing Vapertize,Bangil,3,30000,accessories
4000094,Pulse AIO Replaceable Panels - Frosted Blue,Bangil,1,150000,accessories
4000127,Obeng Vave Baut (Plus Mur Vave/Obeng Vave),Bangil,2,15000,accessories
4000141,Drip Tip QT02 SS - Black,Bangil,1,100000,accessories
4000173,Battery Wrap VRK All Edition,Bangil,6,0,accessories
4000174,Pulse AIO Replaceable Panels - Frosted Red,Bangil,1,150000,accessories
4000201,Coil Baby Space,Bangil,5,60000,coil dan wire
4000207,Tack Coil - Baby Alien,Bangil,3,50000,coil dan wire
4000208,Tack Coil - Fusion Matic Dual,Bangil,3,50000,coil dan wire
4000209,Tack Coil - Signature Fusion Matic Single,Bangil,5,55000,coil dan wire
4000210,Coil Power Built Bright,Bangil,8,65000,coil dan wire
4000211,Tack Coil - Fusion Matic AIO,Bangil,5,50000,coil dan wire
4000212,The Fused Clapton by Powerbuild,Bangil,1,40000,coil dan wire
4000213,The Fused Clapton AIO by Powerbuild,Bangil,3,40000,coil dan wire
5000047,Charger Vapcell Q2S,Bangil,2,65000,battery dan charger
5000164,Cotton Monster Premium,Bangil,4,50000,cartridge dan cotton
5000167,Cartridge Argus Pod Top Fill - 0.7 Ohm,Bangil,6,45000,cartridge dan cotton
5000180,Cartridge Pava - 0.6 Ohm,Bangil,2,40000,cartridge dan cotton
5000181,Cartridge Pava - 0.8 Ohm,Bangil,2,40000,cartridge dan cotton
5000182,Cartridge Nixx Pod - 0.8 Ohm,Bangil,6,40000,cartridge dan cotton
5000186,Cartridge Oxva VPrime - 0.2 Ohm,Bangil,3,50000,cartridge dan cotton
5000187,Cartridge Oxva Nexlim - 0.6 Ohm,Bangil,4,45000,cartridge dan cotton
5000188,Cartridge Oxva Nexlim - 0.8 Ohm,Bangil,4,45000,cartridge dan cotton
5000189,Cartridge Vaporesso Xros - 0.4 Ohm,Bangil,5,40000,cartridge dan cotton
5000193,Cartridge Ursa - V3 0.6 Ohm,Bangil,7,40000,cartridge dan cotton
5000194,Cartridge Ursa - V3 0.8 Ohm,Bangil,7,40000,cartridge dan cotton
5000197,Cartridge TRML T-Max - 0.8 Ohm,Bangil,8,35000,cartridge dan cotton
5000198,Filter Nixx Tip,Bangil,1,40000,cartridge dan cotton
5000200,Cartridge Oxva Xlim DNA SS - 0.8 Ohm,Bangil,8,45000,cartridge dan cotton
5000201,Cartridge VSEE One Pod kit - 0.6 Ohm,Bangil,4,35000,cartridge dan cotton
5000202,Cartridge VSEE One Pod kit - 0.8 Ohm,Bangil,4,35000,cartridge dan cotton
5000204,Cartridge Pava - V2 0.6 Ohm,Bangil,3,40000,cartridge dan cotton
5000206,Cartridge Wasp Nano Pod - V2 0.8 Ohm,Bangil,3,35000,cartridge dan cotton
5000207,Cartridge TRML T-Max - 0.6 Ohm,Bangil,7,35000,cartridge dan cotton
5000208,Cartridge Wasp Nano Pod - V2 0.6 Ohm,Bangil,5,35000,cartridge dan cotton
5000209,Cartridge VSEE One Pod kit - 0.4 Ohm,Bangil,6,35000,cartridge dan cotton
5000210,Cartridge E Plus Top Fill - 0.3 Ohm,Bangil,5,40000,cartridge dan cotton
5000211,Cartridge E Plus Top Fill - 0.6 Ohm,Bangil,5,40000,cartridge dan cotton
5000212,Cartridge Oxva Xlim V3 - 0.4 Ohm,Bangil,8,40000,cartridge dan cotton
5000213,Cartridge Oxva Xlim V3 - 0.6 Ohm,Bangil,2,40000,cartridge dan cotton
5000214,Cartridge Oxva Xlim V3 - 0.8 Ohm,Bangil,6,40000,cartridge dan cotton
5000215,Cartridge Oxva Xlim V3 (2ML) - 0.6 Ohm,Bangil,14,40000,cartridge dan cotton
5000216,Cartridge Oxva Xlim V3 (2ML) - 0.8 Ohm,Bangil,10,40000,cartridge dan cotton
5000217,Cartridge ION Pod Lite - 0.5 Ohm,Bangil,6,35000,cartridge dan cotton
5000218,Cartridge ION Pod Lite - 0.8 Ohm,Bangil,9,35000,cartridge dan cotton
5000219,Cartridge E Plus Top Fill - 0.8 Ohm,Bangil,5,40000,cartridge dan cotton
5000220,Cartridge Oxva Xlim DNA SS - 0.4 Ohm,Bangil,7,45000,cartridge dan cotton
5000221,Filter Nixx Tip - Black,Bangil,1,40000,cartridge dan cotton
6000005,Oxva Origin Cartridge,Bangil,4,50000,cartridge dan cotton
6000011,Cartridge Druga Narada Pro,Bangil,1,50000,cartridge dan cotton
6000019,RPM Nord Cartridge,Bangil,5,50000,cartridge dan cotton
6000026,Cartridge Hotcig Marvel - Salt,Bangil,2,50000,cartridge dan cotton
6000032,Cartridge Thelema Pod 4ml,Bangil,2,70000,cartridge dan cotton
6000036,Cartridge Teros One,Bangil,3,60000,cartridge dan cotton
6000037,Cartridge B'adapt - Empty,Bangil,2,30000,cartridge dan cotton
6000041,Cartridge Air Go - 1.0 Ohm,Bangil,4,35000,cartridge dan cotton
6000044,Ez Cartridge Without Coil 2.6ml,Bangil,3,30000,cartridge dan cotton
6000045,Kubi 2 Cartridge - 1.7ml,Bangil,3,45000,cartridge dan cotton
6000047,Cartridge Fetch Pro RGC Empty Pod,Bangil,4,45000,cartridge dan cotton
6000049,Cartridge Vaporstorm Flame,Bangil,1,35000,cartridge dan cotton
6000050,Cartridge Aflo Pod,Bangil,3,33000,cartridge dan cotton
6000070,Cartridge Frees X Pod,Bangil,3,27000,cartridge dan cotton
6000071,Cartridge Miso Pod - 0.8 Ohm,Bangil,2,35000,cartridge dan cotton
6000072,Cartridge Miso Pod - 1.0 Ohm,Bangil,2,35000,cartridge dan cotton
6000084,Cartridge Foom X,Bangil,5,34000,cartridge dan cotton
6000088,Cartridge Nevoks Feelin C1 - Amber Clear,Bangil,1,50000,cartridge dan cotton
6000089,Cartridge Nevoks Feelin C1 - Black Clear,Bangil,1,50000,cartridge dan cotton
6000101,Cartridge RTS Airpops Pro - 2ml,Bangil,2,40000,cartridge dan cotton
6000102,Cartridge Caliburn X Pod - Empty,Bangil,2,90000,cartridge dan cotton
6000116,Cartridge Crown M Empty - 4ml,Bangil,2,37500,cartridge dan cotton
6000126,Cartridge Vaporesso Xros - 0.8 Ohm,Bangil,1,40000,cartridge dan cotton
6000136,Cartridge Caliburn A3 - 0.8 Ohm,Bangil,1,45000,cartridge dan cotton
6000137,Cartridge Smok RPM C - Empty 4ml,Bangil,3,40000,cartridge dan cotton
6000147,Cartridge Oxva Oneo - 0.4 Ohm,Bangil,4,45000,cartridge dan cotton
6000148,Cartridge Oxva Oneo - 0.6 Ohm,Bangil,5,45000,cartridge dan cotton
6000149,Cartridge Oxva Oneo - 0.8 Ohm,Bangil,6,45000,cartridge dan cotton
7000067,Battery Charge Up - 3000mAh,Bangil,2,120000,battery dan charger
7000068,Battery Charge Up - 3500mAh,Bangil,1,130000,battery dan charger
7000071,Battery Onyx 15A - 3500mAh,Bangil,1,130000,battery dan charger
7000079,Battery Blackcell DNA 18650 - 2500mAh,Bangil,1,70000,battery dan charger
7000080,Battery Blackcell DNA 18650 - 3000mAh,Bangil,2,100000,battery dan charger
7000083,Battery Blackcell DNA 18650 - 2000mAh,Bangil,3,50000,battery dan charger
8000195,Bishop 4ml Combi Tank Glass - Black,Bangil,1,150000,atomizer
8000198,Bishop 4ml Extension - SS,Bangil,1,160000,atomizer
8000200,Bishop 4ml Hollow Combi Tank PCTG - SS,Bangil,1,250000,atomizer
8000201,Bishop 6ml Extension Kit - Black,Bangil,1,220000,atomizer
8000239,Dead Rabbit Solo RDA - Gunmetal,Bangil,1,270000,atomizer
8000301,Kayfun RBA Clone - SS,Bangil,1,350000,atomizer
1000116,LCV 60ml - Oat Crackers 3mg,Pandaan,1,100000,liquid
1000117,LCV 60ml - Banana Hoki 3mg,Pandaan,1,100000,liquid
1000119,LCV 60ml - Berry Cheesecake 3mg,Pandaan,2,100000,liquid
1000121,LCV 60ml - Tiramisu 3mg,Pandaan,1,100000,liquid
1000188,Candy Man 60ml - Honeydew Candy 3mg,Pandaan,1,135000,liquid
1000215,Lunar Hexohm 60ml - Strawberry Cheesecake 3mg,Pandaan,1,155000,liquid
1000216,Lunar Hexohm 60ml - Strawberry Cheesecake 6mg,Pandaan,1,155000,liquid
1000232,Grape Currant 60ml - 3mg,Pandaan,1,145000,liquid
1000240,Bule Bolu 60ml - 3mg,Pandaan,2,155000,liquid
1000263,Oat Drips Pod Friendly 30ml - Milk Cereal 15mg,Pandaan,1,110000,liquid
1000361,Dark Luna 60ml - 3mg,Pandaan,1,155000,liquid
1000544,NYC Hero57 Edition 60ml - Perfect Cheese 3mg,Pandaan,1,155000,liquid
1000577,Tokyo Banana Signature 60ml - 3mg,Pandaan,1,185000,liquid
1000592,LCV 60ml - Strawberry Poundcake 6mg,Pandaan,2,100000,liquid
1000688,Bananalicious 60ml - 6mg,Pandaan,2,155000,liquid
1001297,Meepo Hero57 60ml - Caramel Cheese Popcorn 3mg,Pandaan,1,155000,liquid
1001481,Icelands Saltnic 30ml - Strawberry 30mg,Pandaan,1,100000,liquid
1001588,Subohm Hero57 60ml Edition - Blueberry Doughnut 6mg,Pandaan,1,155000,liquid
1001727,Snow Plus Pods Gen3 - Mungbean Sorbet 55mg,Pandaan,1,185000,liquid
1001756,Paradewa 30ml - Apple Zeus 30mg,Pandaan,1,125000,liquid
1001782,Roti Sisir 60ml - 6mg,Pandaan,1,90000,liquid
1001799,Foom Salt 30ml - Galapagos Soursop 30mg,Pandaan,1,110000,liquid
1001800,Foom Salt 30ml - Maldives Lychee 30mg,Pandaan,1,110000,liquid
1001874,Oat Drips 60ml - V1 Milk Cereal 6mg,Pandaan,2,150000,liquid
1001998,Foom Salt 30ml - Fresh Honeydew 30mg,Pandaan,1,110000,liquid
1002013,Muffin and Xes 60ml - 3mg,Pandaan,1,150000,liquid
1002014,Muffin and Xes 60ml - 6mg,Pandaan,1,150000,liquid
1002026,Kuah Sop Buah 60ml - 3mg,Pandaan,1,140000,liquid
1002122,Oat Drips 60ml - V2 Mung Bean 3mg,Pandaan,1,155000,liquid
1002151,A La Carte Series 60ml - Cream Biscuit 3mg,Pandaan,2,150000,liquid
1002153,A La Carte Series 60ml - Cream Poundcake 3mg,Pandaan,1,150000,liquid
1002154,A La Carte Series 60ml - Cream Poundcake 6mg,Pandaan,1,150000,liquid
1002174,LCV 60ml Cake Lady - Perfect Strawberry Shortcake 3mg,Pandaan,4,90000,liquid
1002175,LCV 60ml Cake Lady - Perfect Strawberry Shortcake 6mg,Pandaan,1,90000,liquid
1002176,LCV 60ml Cake Lady - Steamed Banana Cake 3mg,Pandaan,1,90000,liquid
1002177,LCV 60ml Cake Lady - Steamed Banana Cake 6mg,Pandaan,2,90000,liquid
1002264,Proven by Suicide Bunny 60ml - 3mg,Pandaan,1,190000,liquid
1002265,Proven by Suicide Bunny 60ml - 6mg,Pandaan,1,190000,liquid
1002270,Nikmat 30ml - V1 Puff Pastry Rolls Cream 15mg,Pandaan,1,95000,liquid
1002308,Foom Salt 30ml - Fresh Cola 30mg,Pandaan,1,110000,liquid
1002309,Foom Salt 30ml - Iced Cappucino 30mg,Pandaan,1,110000,liquid
1002449,Blondies 60ml - V3 Blueberry Cheese Cream Bake 6mg,Pandaan,1,150000,liquid
1002450,The O Rama 60ml - V1 Kaya Toast 3mg,Pandaan,1,155000,liquid
1002456,Foom Salt Bubblegum Series 30ml - Pink Gummy 30mg,Pandaan,1,110000,liquid
1002457,Foom Salt Bubblegum Series 30ml - Purple Gummy 30mg,Pandaan,1,110000,liquid
1002458,Foom Salt Bubblegum Series 30ml - Yellow Gummy 30mg,Pandaan,1,110000,liquid
1002592,Foom Salt 30ml - Barbados 30mg,Pandaan,1,110000,liquid
1002593,Foom Salt 30ml - Bora Bora 30mg,Pandaan,1,110000,liquid
1002594,Foom Salt 30ml - Ibiza 30mg,Pandaan,1,110000,liquid
1002656,Foom Salt 30ml - Icy Honeydew 30mg,Pandaan,1,110000,liquid
1002707,Melds V3 60ml - Caramel Doffle 3mg,Pandaan,1,145000,liquid
1002713,Nikmat 60ml - V2 Blueberry Rolls Pastry 3mg,Pandaan,1,145000,liquid
1002735,Miru Fruity Ice 60ml - Grape Berry Pouch 3mg,Pandaan,1,90000,liquid
1002781,Soonix 60ml - Green Naple 3mg,Pandaan,1,135000,liquid
1002782,Ketan Jinak 60ml - 3mg,Pandaan,1,130000,liquid
1002783,Ketan Jinak 60ml - 6mg,Pandaan,1,130000,liquid
1002798,Monster Vape Labs 60ml - Grape 3mg,Pandaan,1,200000,liquid
1002850,Foom Salt 30ml - Icy Berry 30mg,Pandaan,1,110000,liquid
1002851,Foom Salt 30ml - Icy Mango 30mg,Pandaan,1,110000,liquid
1002863,Foom Salt Zodiac Series 30ml - Gemini 30mg,Pandaan,1,110000,liquid
1002869,Foom Salt 30ml - Icy Menthol 50mg,Pandaan,2,110000,liquid
1002979,Hanna Pods Friendly Series 30ml - Mango 15mg,Pandaan,1,75000,liquid
1002984,Supreme Hook 60ml - Banana Melon 6mg,Pandaan,1,155000,liquid
1003016,Foom Salt 30ml - Strawberry Ice Cream 30mg,Pandaan,1,110000,liquid
1003093,NYC Gold Edition 60ml - Salted Caramel Cheesecake 3mg,Pandaan,1,155000,liquid
1003151,Hanna Pods Friendly Series 30ml - Lychee 15mg,Pandaan,1,75000,liquid
1003155,Mango Hanna 60ml - 3mg,Pandaan,1,100000,liquid
1003160,Hanna Pods Friendly Series 30ml - Berry 15mg,Pandaan,1,75000,liquid
1003164,Grape Yoghurt 60ml - 3mg,Pandaan,1,145000,liquid
1003215,Foom Salt 30ml - Blueberry Cheese Ice Cream 30mg,Pandaan,1,110000,liquid
1003228,American Fruity 60ml - Strawberry Smoothies 3mg,Pandaan,1,140000,liquid
1003229,American Fruity 60ml - Strawberry Smoothies 6mg,Pandaan,1,130000,liquid
1003230,American Fruity Pod Friendly 30ml - Strawberry 12mg,Pandaan,1,100000,liquid
1003252,Crackz Ice 60ml - Strawberry Cheese Ice Cream 3mg,Pandaan,1,140000,liquid
1003253,Crackz Ice 60ml - Strawberry Cheese Ice Cream 6mg,Pandaan,1,140000,liquid
1003259,Juta Freeze Salt 15ml - Double Mango 10mg,Pandaan,3,40000,liquid
1003260,Juta Freeze Salt 15ml - Purple Grape 10mg,Pandaan,4,40000,liquid
1003290,Crackz Ice Saltnic 30ml - Strawberry Cheese Ice Cream 25mg,Pandaan,1,110000,liquid
1003315,Nikmat 30ml - V2 Blueberry Rolls Pastry 15mg,Pandaan,2,95000,liquid
1003402,Bequ Series 60ml - Watermelon 3mg,Pandaan,1,135000,liquid
1003408,Foom Salt 30ml - Iced Lemon Tea 30mg,Pandaan,1,110000,liquid
1003438,LCV Ice Lady 60ml - Black Purple 3mg,Pandaan,1,90000,liquid
1003458,Lunar Ice Cream 60ml - Dark Chocolate 3mg,Pandaan,1,160000,liquid
1003484,Cendol Jinak 60ml - 3mg,Pandaan,1,125000,liquid
1003503,Hanna Pods Friendly Series 30ml - Tea 15mg,Pandaan,1,75000,liquid
1003527,Morning Astro 15ml - White Chocolate 3mg,Pandaan,1,0,liquid
1003553,The O Rama Pods Friendly 30ml - V1 Kaya Toast 15mg,Pandaan,1,95000,liquid
1003750,Foom Salt BW Series 30ml - Matcha Latte 30mg,Pandaan,1,110000,liquid
1003804,Hanna Pods Friendly Series 30ml - Apple 15mg,Pandaan,2,75000,liquid
1003821,Soonix Saltnic Series 30ml - Magenta Squash 30mg,Pandaan,1,115000,liquid
1003822,Soonix Saltnic Series 30ml - Purple Berry 30mg,Pandaan,1,115000,liquid
1003825,Juragan Molen 30ml,Pandaan,2,0,liquid
1003827,Lunar Ice Cream 60ml - Japanese Ice Cream 6mg,Pandaan,1,160000,liquid
1003896,Crackz Ice 60ml - V4 Pudding Ice Cream 6mg,Pandaan,2,140000,liquid
1003897,Crackz Ice Saltnic 30ml - V4 Pudding Ice Cream 25mg,Pandaan,1,110000,liquid
1003901,LCV 60ml Creamy - Strawberry Stick 3mg,Pandaan,1,90000,liquid
1003902,LCV 60ml Creamy - Strawberry Stick 6mg,Pandaan,1,90000,liquid
1003903,LCV 60ml Creamy - Roti Eropa 3mg,Pandaan,2,90000,liquid
1003920,Ox Passion 30ml - Ice Strawberry 30mg,Pandaan,1,100000,liquid
1003929,Monster Vape Labs 60ml - Strawberry 3mg,Pandaan,1,200000,liquid
1003937,Tansu Ibukota 60ml - Ketan Matcha 3mg,Pandaan,1,125000,liquid
1003972,Omnipod Pods Friendly 4 x 15ml - Fruity Tropical 12mg,Pandaan,2,35000,liquid
1003973,Juta Freeze Salt 15ml - Korean Banana Ice Cream Mild 10mg,Pandaan,4,40000,liquid
1003974,Juta Freeze Salt 15ml - Taro Ice Cream Mild 10mg,Pandaan,3,40000,liquid
1003979,Foom Salt 30ml - Icy Grape 30mg,Pandaan,1,110000,liquid
1003980,Foom Salt 30ml - Icy Lychee 30mg,Pandaan,1,110000,liquid
1003981,Foom Salt 30ml - Icy Strawberry 30mg,Pandaan,1,110000,liquid
1003997,Avo 60ml - Avocado Cocoa Rock 6mg,Pandaan,1,155000,liquid
1004022,Krspy 60ml - V3 Blueberry Crispy Cheese 3mg,Pandaan,1,155000,liquid
1004027,Subohm Hero57 60ml Edition - Strawberry Doughnut 6mg,Pandaan,1,155000,liquid
1004112,Monster Vape Labs 60ml - Mango 6mg,Pandaan,1,200000,liquid
1004120,Cremelands Saltnic 30ml - Blueberry Cream 30mg,Pandaan,1,100000,liquid
1004121,Cremelands Saltnic 30ml - Strawberry Cream 30mg,Pandaan,1,100000,liquid
1004124,LCV 60ml Creamy - Blue Crepes 6mg,Pandaan,2,90000,liquid
1004130,The O Rama 60ml - V4 Yubari Melon 3mg,Pandaan,1,155000,liquid
1004131,The O Rama 60ml - V4 Yubari Melon 6mg,Pandaan,1,155000,liquid
1004139,Avo Ice 60ml - Avocado Ice 3mg,Pandaan,1,155000,liquid
1004141,Grape Watermelon Saltnic 30ml - 30mg,Pandaan,2,110000,liquid
1004144,Foom Salt 30ml - Red Apple 30mg,Pandaan,1,110000,liquid
1004145,Foom Salt BW Series 30ml - Frappucino 30mg,Pandaan,1,110000,liquid
1004152,Juta Freeze Salt 15ml - Artisan Coffee 10mg,Pandaan,4,40000,liquid
1004154,Makna 60ml - Taro Cheese Milk 3mg,Pandaan,1,140000,liquid
1004167,Rex 57 60ml - Blueberry Milk Toast 3mg,Pandaan,1,155000,liquid
1004209,Jackpot 60ml - Melon Milk Soft Cake 3mg,Pandaan,1,155000,liquid
1004232,Ox Passion 30ml - Ice Cream Strawberry 30mg,Pandaan,1,100000,liquid
1004239,Crackz Ice 60ml - V5 Blueberry Ice Cream 3mg,Pandaan,1,140000,liquid
1004240,Crackz Ice 60ml - V5 Blueberry Ice Cream 6mg,Pandaan,1,140000,liquid
1004271,Foom Salt 30ml - Vanilla Ice Cream 30mg,Pandaan,1,110000,liquid
1004272,Foom Salt 30ml - Tiramisu Ice Cream 30mg,Pandaan,1,110000,liquid
1004273,Foom Salt Tea Series 30ml - Blackcurrant Lychee Tea 30mg,Pandaan,1,110000,liquid
1004275,Foom Salt Tea Series 30ml - Strawberry Grape Tea 30mg,Pandaan,1,110000,liquid
1004276,Creamsie Whimsie 60ml - V3.5 Exodus Chuzu 3mg,Pandaan,1,155000,liquid
1004287,Hanna Pods Friendly Series 30ml - Watermelon 15mg,Pandaan,1,75000,liquid
1004288,Robacks Monster 60ml - V2 Roti Selai Strawberry 3mg,Pandaan,1,155000,liquid
1004297,Rex 57 Saltnic 30ml - Blueberry Milk Toast 30mg,Pandaan,1,120000,liquid
1004300,The O Rama High Nic 30ml - V1 Kaya Toast 9mg,Pandaan,1,80000,liquid
1004315,FCK 60ml - Maui Butter Cream 3mg,Pandaan,1,145000,liquid
1004328,Luna Hero57 60ml - V1 Strawberry Crackers 3mg,Pandaan,1,155000,liquid
1004345,Ox Passion 30ml - Ice Guava 30mg,Pandaan,1,100000,liquid
1004352,Foom Salt 30ml - Mixed Berry Ice Cream 30mg,Pandaan,1,110000,liquid
1004359,Furla 60ml - V5 Banana Pudding 6mg,Pandaan,1,150000,liquid
1004381,Bolo Sponge Cookies 60ml - 3mg,Pandaan,1,160000,liquid
1004385,Premium Donuts 60ml - Matcha 3mg,Pandaan,1,145000,liquid
1004395,LCV Ice Lady 60ml - Lychee 3mg,Pandaan,1,90000,liquid
1004406,Hanna Pods Friendly Series 30ml - Matcha 15mg,Pandaan,1,75000,liquid
1004434,Juta 60ml - Taro Ice Cream 7mg,Pandaan,1,125000,liquid
1004436,Selleragoll Creamy Pods Friendly Series 15ml - Blueberry Poundcake 12mg,Pandaan,4,37000,liquid
1004453,Makna Seasalt 60ml - Caramel Latte 6mg,Pandaan,1,140000,liquid
1004458,LCV Slim Saltnic Series 15ml - Black Purple 15mg,Pandaan,2,40000,liquid
1004472,Crackz Ice 60ml - V6 Taro Ice Cream 3mg,Pandaan,1,140000,liquid
1004473,Crackz Ice 60ml - V6 Taro Ice Cream 6mg,Pandaan,1,140000,liquid
1004474,Crackz Ice Saltnic 30ml - V6 Taro Ice Cream 25mg,Pandaan,1,110000,liquid
1004492,Tokyo Wafer Taro 60ml - Crunchy Creamy Tokyo 3mg,Pandaan,1,160000,liquid
1004498,Rex 57 Saltnic 30ml - V2 Strawberry Milk Toast 30mg,Pandaan,1,120000,liquid
1004506,Parfait Saltnic 30ml - Strawberry 25mg,Pandaan,1,75000,liquid
1004507,Parfait Saltnic 30ml - Strawberry 50mg,Pandaan,1,75000,liquid
1004513,Blondies Masterpiece 60ml - Cupcorn Cheese and Milk 3mg,Pandaan,1,150000,liquid
1004515,Hanna Pods Friendly Series 30ml - Blueberry 15mg,Pandaan,1,75000,liquid
1004525,Subohm Hero57 60ml Edition - Blueberry Doughnut 9mg,Pandaan,1,155000,liquid
1004526,Subohm Hero57 60ml Edition - Strawberry Doughnut 9mg,Pandaan,1,155000,liquid
1004529,Juta Freeze Salt 15ml - Sweet Strawberry 10mg,Pandaan,4,40000,liquid
1004533,Jackpot 60ml - Bolu Susu Blueberry Cake 3mg,Pandaan,1,155000,liquid
1004543,Steam Queen 60ml - Flurry Taro 6mg,Pandaan,1,150000,liquid
1004544,Foom Salt 30ml - Green Kiwi 30mg,Pandaan,1,110000,liquid
1004545,Ox Passion 30ml - Ice Lychee 30mg,Pandaan,1,100000,liquid
1004554,American Dessert V4 60ml - Milk Cheese Taro 3mg,Pandaan,1,155000,liquid
1004555,American Dessert V4 60ml - Milk Cheese Taro 6mg,Pandaan,1,155000,liquid
1004563,The O Rama 60ml - G2 Strawberry Cheesecake 3mg,Pandaan,2,155000,liquid
1004564,The O Rama 60ml - G2 Strawberry Cheesecake 6mg,Pandaan,1,155000,liquid
1004580,Creaminal 60ml - Puff Pastry Cream 3mg,Pandaan,1,160000,liquid
1004584,Kopi Djiwa Series Pods Friendly 30ml - Coffee Bread 9mg,Pandaan,1,85000,liquid
1004590,Robacks Monster 60ml - V3 Roti Bakar Taro Cream 3mg,Pandaan,1,155000,liquid
1004592,Hanna Pods Friendly Series 30ml - Soursop 15mg,Pandaan,2,75000,liquid
1004598,Lunar Donut 60ml - Midori Cream 6mg,Pandaan,1,160000,liquid
1004609,Juta Freeze Salt 15ml - Red Apple 10mg,Pandaan,2,40000,liquid
1004629,Foom Salt Drink Series 30ml - Grape Apple Juice 30mg,Pandaan,1,110000,liquid
1004631,Crackz Ice 60ml - V7 Cookies Ice Cream 3mg,Pandaan,1,140000,liquid
1004633,Crackz Ice 60ml - V8 Matcha Ice Cream 3mg,Pandaan,1,140000,liquid
1004634,Crackz Ice 60ml - V8 Matcha Ice Cream 6mg,Pandaan,1,140000,liquid
1004637,Takis Es Poeter Saltnic Series 30ml - Alpukat 30mg,Pandaan,1,69000,liquid
1004638,Takis Es Poeter Saltnic Series 30ml - Coklat 30mg,Pandaan,1,69000,liquid
1004639,Takis Es Poeter Saltnic Series 30ml - Ketan Hitam 30mg,Pandaan,1,69000,liquid
1004640,Takis Es Poeter Saltnic Series 30ml - Strawberry 30mg,Pandaan,1,69000,liquid
1004643,Juta Freeze Salt 15ml - Lychee 10mg,Pandaan,3,40000,liquid
1004644,Hanna Pods Friendly Series 30ml - Taro 15mg,Pandaan,1,75000,liquid
1004645,Makna 60ml - Berry Dough Ice 3mg,Pandaan,1,140000,liquid
1004676,Makna 60ml - Matcha Coconut Mousse 3mg,Pandaan,1,140000,liquid
1004678,Crackz Ice 60ml - V9 Indonesia Ice Cream 6mg,Pandaan,1,140000,liquid
1004679,Juta Freeze Salt 15ml - Melon 10mg,Pandaan,3,40000,liquid
1004682,Cremelands Saltnic 30ml - Strawberry Cheesecake 30mg,Pandaan,1,100000,liquid
1004686,Suxx Xeed 60ml - Puff Strawberry Froyo 3mg,Pandaan,1,160000,liquid
1004687,Suxx Xeed 60ml - Puff Strawberry Froyo 6mg,Pandaan,1,160000,liquid
1004689,Lunar Ice Cream 60ml - Ice Cream Mocha 6mg,Pandaan,1,160000,liquid
1004700,Hanna Pods Friendly Series 15ml - Mango 15mg,Pandaan,1,40000,liquid
1004701,Hanna Pods Friendly Series 15ml - Matcha 15mg,Pandaan,2,40000,liquid
1004708,Takis Saltnic Series 30ml - Mango Peach 30mg,Pandaan,1,69000,liquid
1004709,Takis Saltnic Series 30ml - Strawberry Watermelon 30mg,Pandaan,1,69000,liquid
1004718,Bule Bolu Saltnic 30ml - 35mg,Pandaan,1,120000,liquid
1004719,Vanillalicious Saltnic 30ml - 35mg,Pandaan,1,120000,liquid
1004720,Dopamine Series Saltnic Pack 15ml - Candy 9mg,Pandaan,1,37500,liquid
1004721,Dopamine Series Saltnic Pack 15ml - Philo Creamy 9mg,Pandaan,1,37500,liquid
1004727,Yelo 60ml - Blueberry Cheese Tart 3mg,Pandaan,1,100000,liquid
1004730,Yelo 60ml - Matcha Milk Cheese 7mg,Pandaan,1,100000,liquid
1004731,Yelo 60ml - Taro Milk Cheese 3mg,Pandaan,1,95000,liquid
1004735,Besti Salt Matcha Series 30ml - Lychee Matcha 30mg,Pandaan,1,120000,liquid
1004736,Besti Salt Matcha Series 30ml - Strawberry Matcha 30mg,Pandaan,1,120000,liquid
1004737,American Fruity 60ml - Avocado Smoothies 3mg,Pandaan,1,130000,liquid
1004738,American Fruity 60ml - Avocado Smoothies 6mg,Pandaan,1,130000,liquid
1004739,American Fruity 60ml - Mango Berry 3mg,Pandaan,1,130000,liquid
1004755,Crackz Ice Pack Saltnic 15ml - V6 Taro Ice Cream 25mg,Pandaan,3,47000,liquid
1004756,Crackz Ice Pack Saltnic 15ml - V8 Matcha Ice Cream 25mg,Pandaan,2,47000,liquid
1004759,Bequ Mix Series 60ml - Banana Kiwi 3mg,Pandaan,1,135000,liquid
1004760,Bequ Mix Series 60ml - Blackcurrant Honeydew 3mg,Pandaan,1,135000,liquid
1004763,Berry Mochi 60ml - 3mg,Pandaan,1,150000,liquid
1004766,Liquid Bobon 60ml - Cream Blueberry Cheese 6mg,Pandaan,2,150000,liquid
1004771,Hanna Pods Friendly Series 30ml - Flurry 15mg,Pandaan,2,75000,liquid
1004772,Hanna Pods Friendly Bubblegum Series 30ml - Grape 15mg,Pandaan,2,75000,liquid
1004774,Hanna Pods Friendly Bubblegum Series 30ml - Melon 15mg,Pandaan,1,75000,liquid
1004775,Hanna Pods Friendly Bubblegum Series 30ml - Strawberry 15mg,Pandaan,2,75000,liquid
1004797,Grape Berry Saltnic 30ml - 30mg,Pandaan,1,110000,liquid
1004799,Soonix Saltnic Series 30ml - Ice Strawberry Smoothie 30mg,Pandaan,1,115000,liquid
1004805,Sherby 60ml - Cream Strawberry 6mg,Pandaan,1,155000,liquid
1004813,Grape Lychee Pods Friendly 30ml - 15mg,Pandaan,1,100000,liquid
1004818,Fruity Me Pods Friendly Series 30ml - Grape 12mg,Pandaan,1,75000,liquid
1004821,Crackz Ice Saltnic Fruity Series 30ml - Lychee 25mg,Pandaan,1,110000,liquid
1004822,Crackz Ice Saltnic Fruity Series 30ml - Muscat 25mg,Pandaan,1,110000,liquid
1004823,Crackz Ice Saltnic Fruity Series 30ml - Strawberry 25mg,Pandaan,1,110000,liquid
1004830,Suxx Xeed 60ml - Vanilla Vibora 3mg,Pandaan,1,160000,liquid
1004831,Suxx Xeed 60ml - Vanilla Vibora 6mg,Pandaan,1,160000,liquid
1004833,Lunar Ice Crush 60ml - Es Cendol 3mg,Pandaan,2,160000,liquid
1004834,Lunar Ice Crush 60ml - Es Cendol 6mg,Pandaan,1,160000,liquid
1004837,Crackz Ice 60ml - V10 Honeydew Ice Cream 6mg,Pandaan,1,140000,liquid
1004838,Crackz Ice Saltnic 30ml - V10 Honeydew Ice Cream 25mg,Pandaan,1,110000,liquid
1004845,The O Rama 60ml - V4 Banana Butter Toast 3mg,Pandaan,1,155000,liquid
1004846,The O Rama 60ml - V4 Banana Butter Toast 6mg,Pandaan,1,155000,liquid
1004848,Cheeze Masterpiece 60ml - Honeydew Cheese 3mg,Pandaan,1,150000,liquid
1004854,Cheesecake Jinak 60ml - 3mg,Pandaan,1,130000,liquid
1004860,Crackz Ice Saltnic Fruity Series 30ml - Blackcurrant 25mg,Pandaan,1,110000,liquid
1004861,Crackz Ice Saltnic Fruity Series 30ml - Honeydew 25mg,Pandaan,1,110000,liquid
1004862,Crackz Ice Saltnic Fruity Series 30ml - Mango 25mg,Pandaan,1,110000,liquid
1004863,Bananalicious Saltnic 30ml - 35mg,Pandaan,1,120000,liquid
1004864,Foom Salt Asian Series 30ml - Thai Mango Sticky Rice 30mg,Pandaan,1,110000,liquid
1004865,Foom Salt Asian Series 30ml - Vietnam Drip Coffee 30mg,Pandaan,1,110000,liquid
1004875,R99 Cream 60ml - Pistachio Cheesecake 3mg,Pandaan,1,155000,liquid
1004880,Makna Sachet Saltnic Series 6 x 15ml - Cool Strawberry 20mg,Pandaan,1,47000,liquid
1004883,Takis Saltnic Series 30ml - Blueberry Kiwi 30mg,Pandaan,1,69000,liquid
1004884,Takis Saltnic Series 30ml - Melon Blackberry 30mg,Pandaan,1,69000,liquid
1004890,Crackz Ice Pack Saltnic 15ml - V5 Blueberry Ice Cream 25mg,Pandaan,2,47000,liquid
1004905,Yogz 60ml - V4 Matcha Yoghurt 3mg,Pandaan,1,140000,liquid
1004906,Yogz 60ml - V4 Matcha Yoghurt 6mg,Pandaan,1,140000,liquid
1004911,Bequ Mix Series 60ml - Mango Raspberry 3mg,Pandaan,1,135000,liquid
1004913,Bequ Saltnic Mix Series 30ml - Mango Raspberry 30mg,Pandaan,1,110000,liquid
1004917,Lunar Donut 60ml - Strawberry Cream 6mg,Pandaan,1,160000,liquid
1004926,Lunar Ice Cream 60ml - Cookies and Cream 6mg,Pandaan,1,160000,liquid
1004929,Foom Salt Smoothies Series 30ml - Strawberry 30mg,Pandaan,1,110000,liquid
1004930,Takis Saltnic Series 30ml - Banana Kiwi 30mg,Pandaan,1,69000,liquid
1004931,Takis Saltnic Series 30ml - Grape Apple 30mg,Pandaan,1,69000,liquid
1004932,Takis Saltnic Series 30ml - Pineapple Mango 30mg,Pandaan,1,69000,liquid
1004934,Takis Es Poeter Saltnic Series 30ml - Jagung 30mg,Pandaan,1,69000,liquid
1004941,Furla 60ml - V3 Melon Pudding 6mg,Pandaan,1,155000,liquid
1004948,Tokyo Wafer Series 60ml - Wafer Chocolate 3mg,Pandaan,1,160000,liquid
1004950,Tokyo Wafer Series 60ml - Wafer Vanilla 3mg,Pandaan,2,160000,liquid
1004955,Foom Salt Slof Series 15ml - Matcha Latte 30mg,Pandaan,2,57500,liquid
1004969,ZLabs 60ml - Strawberry Jam Biscuit 3mg,Pandaan,1,150000,liquid
1004977,Inverse X Tonga 60ml - Green Mambo 3mg,Pandaan,2,160000,liquid
1004978,Inverse X Tonga 60ml - Green Mambo 6mg,Pandaan,2,160000,liquid
1004980,Blondies Saltnic Black Series 30ml - Honeydew Madness 30mg,Pandaan,1,110000,liquid
1004985,Juta Freeze Salt 15ml - Blackcurrant 10mg,Pandaan,3,40000,liquid
1004986,Juta Freeze Salt 15ml - Watermelon 10mg,Pandaan,1,40000,liquid
1004987,Robacks Monster Ice Cream Line 60ml - Matcha 3mg,Pandaan,1,155000,liquid
1004988,Robacks Monster Ice Cream Line 60ml - Matcha 6mg,Pandaan,1,155000,liquid
1004989,Robacks Monster Ice Cream Line 60ml - Monas 3mg,Pandaan,1,155000,liquid
1004992,Robacks Monster Ice Cream Line 60ml - Salted Caramel 6mg,Pandaan,1,155000,liquid
1004995,Crackz Ice Saltnic Bubblegum Series 30ml - Honeydew 25mg,Pandaan,1,110000,liquid
1004998,Omnipod Pods Friendly 4 x 15ml - Fruity 12mg,Pandaan,3,35000,liquid
1004999,Omnipod Pods Friendly 4 x 15ml - V2 Creamy 12mg,Pandaan,2,35000,liquid
1005001,Lunar Ice Cream 60ml - Strawberry Cheesecake 3mg,Pandaan,1,160000,liquid
1005002,Lunar Ice Cream 60ml - Strawberry Cheesecake 6mg,Pandaan,1,160000,liquid
1005005,LCV Saltnic Creamy Series 30ml - Blue Crepes 30mg,Pandaan,2,75000,liquid
1005006,LCV Saltnic Creamy Series 30ml - Cake Lady Banana 30mg,Pandaan,2,75000,liquid
1005007,LCV Saltnic Creamy Series 30ml - Cake Lady Strawberry 30mg,Pandaan,1,75000,liquid
1005008,LCV Saltnic Creamy Series 30ml - Roti Eropa 30mg,Pandaan,2,75000,liquid
1005009,LCV Saltnic Creamy Series 30ml - Roti Sisir 30mg,Pandaan,2,75000,liquid
1005010,LCV Saltnic Creamy Series 30ml - Strawberry Stick 30mg,Pandaan,2,75000,liquid
1005011,Takis Saltnic Series 30ml - Guava Strawberry 30mg,Pandaan,1,69000,liquid
1005013,Takis Saltnic Series 30ml - Markisa Kelapa 30mg,Pandaan,1,69000,liquid
1005014,Makna Ice Seasalt 60ml - Caramel Latte 3mg,Pandaan,1,140000,liquid
1005015,Makna Ice Seasalt 60ml - Caramel Latte 6mg,Pandaan,1,140000,liquid
1005016,Makna Ice Saltnic Series 30ml - Berry Dough 30mg,Pandaan,1,120000,liquid
1005017,Makna Ice Saltnic Series 30ml - Seasalt Caramel Latte 30mg,Pandaan,1,120000,liquid
1005018,Makna Ice Saltnic Series 30ml - Taro Cheese Milk 30mg,Pandaan,1,120000,liquid
1005022,Crackz 60ml - Banana Softcake 3mg,Pandaan,1,140000,liquid
1005023,Crackz 60ml - Banana Softcake 6mg,Pandaan,1,140000,liquid
1005024,Crackz Saltnic Series 30ml - Banana Softcake 25mg,Pandaan,1,110000,liquid
1005025,A La Carte 60ml - Butter Break 3mg,Pandaan,1,150000,liquid
1005026,Omnipod Pods Friendly 4 x 15ml - V1 Creamy 12mg,Pandaan,2,35000,liquid
1005028,A La Carte 60ml - Butter Break 6mg,Pandaan,1,150000,liquid
1005029,Tokyo Banana Strawberry 60ml - 3mg,Pandaan,1,160000,liquid
1005032,Paradewa Saltnic Ice Edition 30ml - Apel Zeus 30mg,Pandaan,1,125000,liquid
1005035,Suxx Xeed 60ml - Monberry Froyo 3mg,Pandaan,1,160000,liquid
1005036,Suxx Xeed 60ml - Monberry Froyo 6mg,Pandaan,1,160000,liquid
1005037,Foom Salt Tangy Milk Series 30ml - Lychee 30mg,Pandaan,1,110000,liquid
1005038,Foom Salt Tangy Milk Series 30ml - Original 30mg,Pandaan,1,110000,liquid
1005042,Hiro Ice Cream Series 60ml - Strawberry Ice Cream 6mg,Pandaan,3,115000,liquid
1005046,Takis Saltnic Warkop Series 30ml - Sari Sari Jambu 30mg,Pandaan,1,69000,liquid
1005047,Takis Saltnic Warkop Series 30ml - Sari Sari Jeruk 30mg,Pandaan,1,69000,liquid
1005048,Takis Saltnic Warkop Series 30ml - Sari Sari Mangga 30mg,Pandaan,1,69000,liquid
1005049,Takis Saltnic Warkop Series 30ml - Sari Sari Melon 30mg,Pandaan,1,69000,liquid
1005053,WD Escape Series 60ml - Mango Creme Smush 6mg,Pandaan,1,150000,liquid
1005054,WD Escape Series 60ml - Strawberry Creme Smush 3mg,Pandaan,1,150000,liquid
1005055,WD Escape Series 60ml - Strawberry Creme Smush 6mg,Pandaan,1,150000,liquid
1005058,Bequ Saltnic Mix Series 30ml - Blackcurrant Honeydew 30mg,Pandaan,1,110000,liquid
1005062,Hanna Pods Friendly Bubblegum Series 15ml - Mango 15mg,Pandaan,1,40000,liquid
1005063,Hanna Pods Friendly Bubblegum Series 15ml - Melon 15mg,Pandaan,1,40000,liquid
1005065,Foom Salt Max Series 30ml - Icy Blackcurrant 30mg,Pandaan,1,110000,liquid
1005068,Foom Salt Tangy Milk Series 30ml - Peach 30mg,Pandaan,1,110000,liquid
1005069,Hanna Pods Friendly Pudding Series 30ml - Blueberry 15mg,Pandaan,1,75000,liquid
1005070,Hanna Pods Friendly Pudding Series 30ml - Lychee 15mg,Pandaan,1,75000,liquid
1005071,Hanna Pods Friendly Pudding Series 30ml - Strawberry 15mg,Pandaan,1,75000,liquid
1005074,Liquid Bobon 60ml - Cream Mango Cheese 6mg,Pandaan,1,150000,liquid
1005080,Rata 60ml - Lottabis Crackers 6mg,Pandaan,1,150000,liquid
1005081,Rata 60ml - Lottabis Crackers 12mg,Pandaan,1,150000,liquid
1005082,Rata 60ml - Swellow Berry 3mg,Pandaan,1,150000,liquid
1005089,Lunar Biscuit Series 60ml - Biscuit Cream Vanilla 3mg,Pandaan,1,160000,liquid
1005090,Lunar Biscuit Series 60ml - Biscuit Cream Vanilla 6mg,Pandaan,1,160000,liquid
1005092,Lunar Ice Cream 60ml - Mochi Vanilla 3mg,Pandaan,1,160000,liquid
1005093,Lunar Ice Cream 60ml - Mochi Vanilla 6mg,Pandaan,1,160000,liquid
1005094,Tokyo Bun Series 60ml - Original 3mg,Pandaan,1,160000,liquid
1005097,Lunar Ice Cream 30ml - Mochi Vanilla 30mg,Pandaan,1,120000,liquid
1005098,TRML 60ml - Creme Brulee 4mg,Pandaan,1,160000,liquid
1005099,TRML 60ml - Creme Brulee 7mg,Pandaan,1,160000,liquid
1005100,TRML 60ml - Creme Cake 4mg,Pandaan,1,160000,liquid
1005101,TRML 60ml - Creme Cake 7mg,Pandaan,1,160000,liquid
1005102,Omnipod Pods Friendly 4 x 15ml - V1 Bubblegum 12mg,Pandaan,2,35000,liquid
1005103,Omnipod Pods Friendly 4 x 15ml - V2 Bubblegum 12mg,Pandaan,4,35000,liquid
1005104,Omnipod Pods Friendly 4 x 15ml - V1 Ice Cream 12mg,Pandaan,2,35000,liquid
1005112,Drip State 60ml - Butter Bread Japanese Ice Cream Feeling 3mg,Pandaan,1,140000,liquid
1005113,Drip State 60ml - Butter Bread Japanese Ice Cream Feeling 6mg,Pandaan,1,140000,liquid
1005114,Tokyo Banana Signature Saltnic 30ml - 30mg,Pandaan,1,120000,liquid
1005115,Crackz Ice Saltnic 30ml - V11 Blueberry Pudding Ice Cream 25mg,Pandaan,1,110000,liquid
1005117,Crackz Ice 60ml - V11 Blueberry Pudding Ice Cream 6mg,Pandaan,1,140000,liquid
1005119,Rex 57 60ml - Honeydew Milk Toast 3mg,Pandaan,1,155000,liquid
1005120,Rex 57 60ml - Honeydew Milk Toast 6mg,Pandaan,1,155000,liquid
1005121,Rex 57 Saltnic 30ml - Honeydew Milk Toast 30mg,Pandaan,1,120000,liquid
1005124,Tokyo Wafer Saltnic Series 30ml - Wafer Srikaya 30mg,Pandaan,1,120000,liquid
1005130,Ox Passion Premium 30ml - Banana Ice Cream 30mg,Pandaan,1,105000,liquid
1005131,Ox Passion Premium 30ml - Matcha Ice Cream 30mg,Pandaan,1,105000,liquid
1005133,Ox Passion Premium 30ml - Watermelon Squash 30mg,Pandaan,1,105000,liquid
1005136,Lunar Saltnic Biscuit Series 30ml - Biscuit Chocolate 30mg,Pandaan,1,120000,liquid
1005137,Inverse Crunchy Series 60ml - Twister 6mg,Pandaan,1,160000,liquid
1005138,Inverse Crunchy Series 60ml - Vanilla Creed 3mg,Pandaan,1,160000,liquid
1005139,Inverse Crunchy Series 60ml - Vanilla Creed 6mg,Pandaan,1,160000,liquid
1005140,Crackz 60ml - Strawberry Banana Cream 3mg,Pandaan,1,140000,liquid
1005143,Lunar Ice Cream 60ml - Mochi Strawberry 3mg,Pandaan,1,160000,liquid
1005144,Lunar Ice Cream 60ml - Mochi Strawberry 6mg,Pandaan,1,160000,liquid
1005145,Lunar Ice Cream 30ml - Mochi Strawberry 30mg,Pandaan,1,120000,liquid
1005146,Kedai Brandal Bundling Pack - Volx x Takis 15ml,Pandaan,2,49500,liquid
1005147,Hanna Pods Friendly Pudding Series 15ml - Blueberry 15mg,Pandaan,2,40000,liquid
1005148,Hanna Pods Friendly Pudding Series 15ml - Lychee 15mg,Pandaan,2,40000,liquid
1005149,Hanna Pods Friendly Series 15ml - Flurry 15mg,Pandaan,1,40000,liquid
1005150,Hanna Pods Friendly Series 15ml - Pineapple 15mg,Pandaan,1,40000,liquid
1005151,Hanna Pods Friendly Series 30ml - Pineapple 15mg,Pandaan,1,75000,liquid
1005152,Avo 60ml - Strawberry Avocado 3mg,Pandaan,1,155000,liquid
1005153,Avo 60ml - Strawberry Avocado 6mg,Pandaan,1,155000,liquid
1005155,Avo Ice 60ml - Strawberry Avocado Ice 6mg,Pandaan,1,155000,liquid
1005156,Avo Ice Saltnic 30ml - Strawberry Avocado Ice 30mg,Pandaan,1,120000,liquid
1005157,The O Rama 60ml - V3 Creme Brulle 3mg,Pandaan,2,155000,liquid
1005159,The O Rama Pods Friendly 30ml - V3 Creme Brulle 15mg,Pandaan,1,95000,liquid
1005160,Lunar Ice Cream 60ml - Rainbow 3mg,Pandaan,2,160000,liquid
1005161,Lunar Ice Cream 60ml - Rainbow 6mg,Pandaan,2,160000,liquid
1005162,Lunar Ice Cream 30ml - Rainbow 30mg,Pandaan,1,120000,liquid
1005163,R99 Cream 60ml - V2 Matcha Pistachio 3mg,Pandaan,1,155000,liquid
1005164,R99 Cream 60ml - V2 Matcha Pistachio 6mg,Pandaan,1,155000,liquid
1005165,Crackz Ice Fruity 60ml - Blackcurrant 3mg,Pandaan,2,140000,liquid
1005166,Omnipod Pods Friendly 4 x 15ml - Drink 12mg,Pandaan,4,35000,liquid
1005167,Omnipod Pods Friendly 4 x 15ml - Pudding 12mg,Pandaan,3,35000,liquid
1005168,Takis Saltnic Tipruti Series 30ml - Apple 30mg,Pandaan,1,69000,liquid
1005170,Takis Saltnic Tipruti Series 30ml - Passion Fruit 30mg,Pandaan,1,69000,liquid
1005171,Taze Saltnic 30ml - Ice Apple Punch 30mg,Pandaan,1,110000,liquid
1005172,Taze Saltnic 30ml - Ice Freezy Fruity 30mg,Pandaan,2,110000,liquid
1005173,Taze Saltnic 30ml - Ice Fresh Oat Milk 30mg,Pandaan,2,110000,liquid
1005174,Taze Saltnic 30ml - Ice Mango Blast 30mg,Pandaan,1,110000,liquid
1005175,Taze Saltnic Ice Candymilk Series 30ml - Honeydew 30mg,Pandaan,2,110000,liquid
1005176,Taze Saltnic Ice Candymilk Series 30ml - Strawberry 30mg,Pandaan,2,110000,liquid
1005177,Taze Saltnic Ice Candymilk Series 30ml - Taro 30mg,Pandaan,1,110000,liquid
1005178,Taze Saltnic Ice Candymilk Series 30ml - Watermelon 30mg,Pandaan,2,110000,liquid
1005179,Taze Saltnic Ice Cream Series 30ml - Cola Vanilla 30mg,Pandaan,2,110000,liquid
1005180,Taze Saltnic Ice Cream Series 30ml - Redsoda Vanilla 30mg,Pandaan,2,110000,liquid
1005181,Taze Saltnic Ice Cream Series 30ml - Rootbeer Vanilla 30mg,Pandaan,1,110000,liquid
1005184,Taze Saltnic Ice Nutri Series 30ml - Blewah 30mg,Pandaan,2,110000,liquid
1005185,Taze Saltnic Ice Nutri Series 30ml - Guava 30mg,Pandaan,2,110000,liquid
1005186,Taze Saltnic Ice Nutri Series 30ml - Jeruk 30mg,Pandaan,1,110000,liquid
1005187,Taze Saltnic Ice Nutri Series 30ml - Lychee 30mg,Pandaan,2,110000,liquid
1005188,Taze Saltnic Ice Nutri Series 30ml - Passion Fruit 30mg,Pandaan,2,110000,liquid
1005189,Taze Saltnic Ice Nutri Series 30ml - Pineapple 30mg,Pandaan,2,110000,liquid
1005190,Taze Saltnic Ice Nutri Series 30ml - Strawberry 30mg,Pandaan,1,110000,liquid
1005191,Foom Salt 30ml - Icy Passion Fruit 30mg,Pandaan,1,110000,liquid
1005192,Juta Freeze Salt Bubblegum Series 15ml - Grape Bubblegum 10mg,Pandaan,3,40000,liquid
1005193,Juta Freeze Salt Bubblegum Series 15ml - Melon Bubblegum,Pandaan,3,40000,liquid
1005194,Juta Freeze Salt Bubblegum Series 15ml - Mix Bubblegum 10mg,Pandaan,4,40000,liquid
1005195,Tokyo Toast 60ml - Strawberry Butter Toast 3mg,Pandaan,2,160000,liquid
1005196,Tokyo Toast 60ml - Strawberry Butter Toast 6mg,Pandaan,1,160000,liquid
1005197,Tokyo Toast Saltnic 30ml - Strawberry Butter Toast 30mg,Pandaan,2,120000,liquid
1005198,Tokyo Bun Series 60ml - Coffee 3mg,Pandaan,2,160000,liquid
1005199,Tokyo Bun Series 60ml - Coffee 6mg,Pandaan,1,160000,liquid
1005200,Tokyo Bun Saltnic Series 30ml - Coffee 30mg,Pandaan,2,120000,liquid
1005201,Crackz Ice Fruity 60ml - Honeydew 3mg,Pandaan,1,140000,liquid
1005204,Crackz Ice Saltnic Fruity Series 30ml - Apple 25mg,Pandaan,1,110000,liquid
1005205,Crackz Ice Saltnic Fruity Series 30ml - Kiwi 25mg,Pandaan,1,110000,liquid
1005206,Crackz Ice Saltnic Fruity Series 30ml - Peach 25mg,Pandaan,1,110000,liquid
1005207,Crackz Ice Saltnic Fruity Series 30ml - Watermelon 25mg,Pandaan,1,110000,liquid
1005209,Crackz Ice Saltnic Bubblegum Series 30ml - Tutti Frutti 25mg,Pandaan,1,110000,liquid
1005210,Liquid Dead Squad 60ml - V2 The Black Triangle 3mg,Pandaan,1,160000,liquid
1005211,Liquid Dead Squad 60ml - V2 The Black Triangle 6mg,Pandaan,2,160000,liquid
1005212,Crackz Ice 60ml - V12 White Chocolate Ice Cream 3mg,Pandaan,1,140000,liquid
1005213,Crackz Ice 60ml - V12 White Chocolate Ice Cream 6mg,Pandaan,1,140000,liquid
1005214,Crackz Ice Saltnic 30ml - V12 White Chocolate Ice Cream 25mg,Pandaan,1,110000,liquid
1005215,American Ice Cream 60ml - Avocado Banana 3mg,Pandaan,1,155000,liquid
1005216,American Ice Cream 60ml - Salted Caramel 3mg,Pandaan,1,155000,liquid
1005217,American Ice Cream 60ml - Strawberry 3mg,Pandaan,1,155000,liquid
1005218,American Ice Cream 60ml - Taro 3mg,Pandaan,1,155000,liquid
2000002,Cotton Bacon Prime,Pandaan,5,75000,coil dan wire
2000016,Party Dog Prebuilt Coils - Alien Twisted Messes,Pandaan,3,100000,coil dan wire
2000030,Holy Fiber Cotton,Pandaan,2,45000,coil dan wire
2000031,Kendo Cotton - Gold Edition,Pandaan,3,80000,coil dan wire
2000035,Voopoo Coil - 0.15 Ohm,Pandaan,3,40000,coil dan wire
2000053,Vapertize Coil - Alien Electrical V3,Pandaan,2,50000,coil dan wire
2000122,Coil Manto AIO - Reguler 1.2 Ohm,Pandaan,1,35000,coil dan wire
2000140,Coil Frees X Pod - 1.0 Ohm,Pandaan,3,25000,coil dan wire
2000141,Coil Nautilus 2s - 0.7 Ohm,Pandaan,5,30000,coil dan wire
2000142,Coil Smok RPM - 0.23 Ohm,Pandaan,5,40000,coil dan wire
2000147,Perfect Build x Vapertize - 0.16 Ohm,Pandaan,1,80000,coil dan wire
2000150,ITO Coil M0 - 0.5 Ohm,Pandaan,1,36000,coil dan wire
2000154,Coil Oxva Khantal A1 - 1.0 Ohm,Pandaan,1,35000,coil dan wire
2000155,Voopoo Coil - 1.2 Ohm,Pandaan,2,40000,coil dan wire
2000174,Coil Crown M - 0.6 Ohm,Pandaan,3,37500,coil dan wire
2000186,Malomo Prebuilt Coil - AIO Edition Orange 0.13 Ohm - 0.34 Ohm,Pandaan,1,70000,coil dan wire
2001333,Centaurus M100 Box Mod - Interstellar,Pandaan,1,430000,device
2001479,Vaporesso Xros 2 Pod - Orange Red,Pandaan,1,200000,device
2001504,Oxva Xlim SQ Pro - Brown Leather,Pandaan,1,320000,device
2001654,Oxva Nexlim Pod Kit - Pearl Pink,Pandaan,1,360000,device
2001667,Dot Pod Lite - Light Grey,Pandaan,1,195000,device
2001672,TRML T99 Mod - Pink Bubblegum,Pandaan,1,500000,device
2001682,Hotcig R234 Pro - Discover Dreams,Pandaan,1,570000,device
2001701,Oxva Nexlim Pod Kit - Power Black,Pandaan,1,360000,device
2001740,Oxva Xlim Pro 2 DNA Pod Kit - Frost Titanium Blue,Pandaan,1,465000,device
2001767,TRML T28 Pod Kit - Midnight Blue,Pandaan,1,170000,device
2001775,Oxva VPrime - Black Carbon,Pandaan,1,400000,device
2001787,TRML T28 Pod Kit - Black Onyx,Pandaan,1,170000,device
2001788,TRML T28 Pod Kit - Soft Pink,Pandaan,1,170000,device
2001813,Oxva Xlim Go 2 Bundling - Black Carbon,Pandaan,1,199000,device
2001814,Oxva Xlim Go 2 Bundling - Black Shadow,Pandaan,1,199000,device
2001816,Oxva Xlim Go 2 Bundling - Green Ripple,Pandaan,1,199000,device
2001825,Hotcig R234 Pro - Sailor Duck,Pandaan,1,570000,device
2001827,Drag 3 Mod Only - Black,Pandaan,1,250000,device
2001828,Drag 3 Mod Only - Eagle Grey,Pandaan,1,250000,device
2001829,VSEE One Pod Kit - Glossy Grey,Pandaan,1,99000,device
2001830,VSEE One Pod Kit - Mint Green,Pandaan,1,99000,device
2001832,VSEE One Pod Kit - Porcelain White,Pandaan,1,99000,device
2001833,VSEE One Pod Kit - Starry Black,Pandaan,2,99000,device
2001855,Oxva Xlim Pro 3 Pod Kit - Pro Carbon,Pandaan,1,315000,device
2001863,S101 Mod - Gunmetal,Pandaan,1,580000,device
2001897,Vaporesso Xros 5 Nano Pod Kit - Orange Leatherette,Pandaan,1,320000,device
2001900,Oxva Xlim 3 Ultra Pod Kit - Bordeaux red,Pandaan,1,365000,device
2001905,Oxva Xlim 3 Ultra Pod Kit - Mint Green,Pandaan,1,365000,device
2001906,Oxva Xlim 3 Ultra Pod Kit - Mocha Brown,Pandaan,1,365000,device
2001914,Vaporesso Xros 5 Mini Bundling Pod Kit - Retro Orange,Pandaan,1,190000,device
2001920,Thelema Aura S Pod Kit Bundling - Carbon Black,Pandaan,1,199000,device
2001922,Thelema Aura S Pod Kit Bundling - Pastel Pink,Pandaan,1,199000,device
2001923,Thelema Aura S Pod Kit Bundling - Wooden Black,Pandaan,1,199000,device
2001953,Foom Pod X Bundling - Deep Blue,Pandaan,1,200000,device
2001957,TRML T28 Pod Kit - Jet Black,Pandaan,1,170000,device
2001965,Foom Pod X Switch Bundling - Green,Pandaan,2,210000,device
2001972,Nixx Filter Pod Kit Bundling - Forest Green,Pandaan,1,225000,device
2001976,Nixx Filter Pod Kit Bundling - Pink,Pandaan,1,225000,device
2001979,TRML T28 Pod Kit - Earthy Brown,Pandaan,1,170000,device
3000335,Inner Colourfull for Dot AIO V2 - Braid,Pandaan,1,180000,atomizer
3000430,Lost Vape Ursa Nano Pod Kit - Wave Red,Pandaan,1,170000,device
3000604,Lost vape Ursa Nano pod Kit - Pink Survivor,Pandaan,1,170000,device
3000828,HexOhm V3 Anodized - Green,Pandaan,1,3200000,device
3001272,UB AIO Empty Pod - Ice Brown,Pandaan,1,85000,device
3001327,Stalk RDA D2 24MM - Matte Black,Pandaan,2,300000,atomizer
3001329,Dead Rabbit V3 - Blue Carbon Fiber,Pandaan,1,330000,atomizer
3001332,Stalk RDA D2 24MM - SS,Pandaan,1,300000,atomizer
3001338,Nitrous RTA 24MM - Matte Black,Pandaan,1,430000,atomizer
3001342,Alexa Six Prime RBA,Pandaan,1,295000,atomizer
3001345,Dead Rabbit RDA V4 24MM - Blue,Pandaan,1,315000,atomizer
3001349,Stalk RDA 22MM - Gold,Pandaan,1,280000,atomizer
3001351,Stalk CDZ RTA 22MM - SS,Pandaan,1,360000,atomizer
3001352,Nitrous RDA 23MM - Gundamn,Pandaan,1,380000,atomizer
3001354,Dead Rabbit RTA V4 28MM - Blue,Pandaan,1,375000,atomizer
3001357,San RDA 24MM - Brushed SS,Pandaan,1,320000,atomizer
4000021,Kuken Tech BlackSmith Mini Tool Kit,Pandaan,3,80000,accessories
4000051,Katchiring - Delrin 24mm,Pandaan,1,220000,accessories
4000052,Katchiring - Delrin 26mm,Pandaan,1,240000,accessories
4000053,Katchiring - SS 24mm,Pandaan,1,220000,accessories
4000063,Lanyard Printing Vapertize,Pandaan,3,30000,accessories
4000098,Komodo Drip Tip 810,Pandaan,2,55000,accessories
4000127,Obeng Vave Baut (Plus Mur Vave/Obeng Vave),Pandaan,4,15000,accessories
4000173,Battery Wrap VRK All Edition,Pandaan,29,0,accessories
4000201,Coil Baby Space,Pandaan,4,60000,coil dan wire
4000207,Tack Coil - Baby Alien,Pandaan,4,50000,coil dan wire
4000208,Tack Coil - Fusion Matic Dual,Pandaan,2,50000,coil dan wire
4000209,Tack Coil - Signature Fusion Matic Single,Pandaan,4,55000,coil dan wire
4000210,Coil Power Build Bright,Pandaan,7,65000,coil dan wire
4000211,Tack Coil - Fusion Matic AIO,Pandaan,3,50000,coil dan wire
4000212,The Fused Clapton by Powerbuild,Pandaan,8,40000,coil dan wire
4000213,The Fused Clapton AIO by Powerbuild,Pandaan,8,40000,coil dan wire
5000047,Charger Vapcell Q2S,Pandaan,1,65000,battery dan charger
5000061,Battery VRK 18350 - 700mAh,Pandaan,1,60000,battery dan charger
5000155,Bear Cotton,Pandaan,3,50000,cartridge dan cotton
5000164,Cotton Monster Premium,Pandaan,1,50000,cartridge dan cotton
5000167,Cartridge Argus Pod Top Fill - 0.7 Ohm,Pandaan,6,45000,cartridge dan cotton
5000178,Cartridge Foom Y,Pandaan,5,37000,cartridge dan cotton
5000182,Cartridge Nixx Pod - 0.8 Ohm,Pandaan,4,40000,cartridge dan cotton
5000184,TRML Cotton - Premium Cotton,Pandaan,1,50000,cartridge dan cotton
5000186,Cartridge Oxva VPrime - 0.2 Ohm,Pandaan,2,50000,cartridge dan cotton
5000187,Cartridge Oxva Nexlim - 0.6 Ohm,Pandaan,8,45000,cartridge dan cotton
5000188,Cartridge Oxva Nexlim - 0.8 Ohm,Pandaan,9,45000,cartridge dan cotton
5000189,Cartridge Vaporesso Xros - 0.4 Ohm,Pandaan,4,40000,cartridge dan cotton
5000193,Cartridge Ursa - V3 0.6 Ohm,Pandaan,7,40000,cartridge dan cotton
5000194,Cartridge Ursa - V3 0.8 Ohm,Pandaan,8,40000,cartridge dan cotton
5000197,Cartridge TRML T-Max - 0.8 Ohm,Pandaan,5,35000,cartridge dan cotton
5000198,Filter Nixx Tip,Pandaan,1,40000,cartridge dan cotton
5000200,Cartridge Oxva Xlim DNA SS - 0.8 Ohm,Pandaan,9,45000,cartridge dan cotton
5000201,Cartridge VSEE One Pod kit - 0.6 Ohm,Pandaan,8,35000,cartridge dan cotton
5000202,Cartridge VSEE One Pod kit - 0.8 Ohm,Pandaan,8,35000,cartridge dan cotton
5000204,Cartridge Pava - V2 0.6 Ohm,Pandaan,4,40000,cartridge dan cotton
5000205,Cartridge Pava - V2 0.8 Ohm,Pandaan,3,40000,cartridge dan cotton
5000206,Cartridge Wasp Nano Pod - V2 0.8 Ohm,Pandaan,5,35000,cartridge dan cotton
5000207,Cartridge TRML T-Max - 0.6 Ohm,Pandaan,5,35000,cartridge dan cotton
5000208,Cartridge Wasp Nano Pod - V2 0.6 Ohm,Pandaan,3,35000,cartridge dan cotton
5000209,Cartridge VSEE One Pod kit - 0.4 Ohm,Pandaan,9,35000,cartridge dan cotton
5000210,Cartridge E Plus Top Fill - 0.3 Ohm,Pandaan,6,40000,cartridge dan cotton
5000211,Cartridge E Plus Top Fill - 0.6 Ohm,Pandaan,8,40000,cartridge dan cotton
5000212,Cartridge Oxva Xlim V3 - 0.4 Ohm,Pandaan,9,40000,cartridge dan cotton
5000214,Cartridge Oxva Xlim V3 - 0.8 Ohm,Pandaan,12,40000,cartridge dan cotton
5000215,Cartridge Oxva Xlim V3 (2ML) - 0.6 Ohm,Pandaan,10,40000,cartridge dan cotton
5000216,Cartridge Oxva Xlim V3 (2ML) - 0.8 Ohm,Pandaan,11,40000,cartridge dan cotton
5000217,Cartridge ION Pod Lite - 0.5 Ohm,Pandaan,4,35000,cartridge dan cotton
5000218,Cartridge ION Pod Lite - 0.8 Ohm,Pandaan,6,35000,cartridge dan cotton
5000219,Cartridge E Plus Top Fill - 0.8 Ohm,Pandaan,8,40000,cartridge dan cotton
5000220,Cartridge Oxva Xlim DNA SS - 0.4 Ohm,Pandaan,6,45000,cartridge dan cotton
6000050,Cartridge Aflo Pod,Pandaan,4,33000,cartridge dan cotton
6000070,Cartridge Frees X Pod,Pandaan,1,27000,cartridge dan cotton
6000072,Cartridge Miso Pod - 1.0 Ohm,Pandaan,2,35000,cartridge dan cotton
6000084,Cartridge Foom X,Pandaan,7,34000,cartridge dan cotton
6000087,Cartridge Poprell P1 - 1.2 Ohm,Pandaan,4,40000,cartridge dan cotton
6000090,Cartridge Nevoks Feelin C1 - Crystal Clear,Pandaan,1,50000,cartridge dan cotton
6000091,Cartridge Nevoks Feelin C1 - Light Blue Clear,Pandaan,1,50000,cartridge dan cotton
6000092,Cartridge Nevoks Feelin C1 - Matcha Clear,Pandaan,1,50000,cartridge dan cotton
6000093,Cartridge Oxva Origin SE - Empty 3.5ml,Pandaan,1,45000,cartridge dan cotton
6000108,Cartridge Argus Pod - Empty,Pandaan,2,35000,cartridge dan cotton
6000128,Cartridge Nevoks APX S1 - 0.8 Ohm,Pandaan,2,40000,cartridge dan cotton
6000138,Cartridge Vaporesso Xros - 1.2 Ohm,Pandaan,4,40000,cartridge dan cotton
6000147,Cartridge Oxva Oneo - 0.4 Ohm,Pandaan,5,45000,cartridge dan cotton
6000148,Cartridge Oxva Oneo - 0.6 Ohm,Pandaan,6,45000,cartridge dan cotton
6000149,Cartridge Oxva Oneo - 0.8 Ohm,Pandaan,6,45000,cartridge dan cotton
7000066,Battery Charge Up - 2500mAh,Pandaan,4,80000,battery dan charger
7000067,Battery Charge Up - 3000mAh,Pandaan,1,120000,battery dan charger
7000076,Battery PVR - 2000mAh,Pandaan,2,50000,battery dan charger
7000079,Battery Blackcell DNA 18650 - 2500mAh,Pandaan,2,70000,battery dan charger
7000080,Battery Blackcell DNA 18650 - 3000mAh,Pandaan,1,100000,battery dan charger
7000083,Battery Blackcell DNA 18650 - 2000mAh,Pandaan,2,50000,battery dan charger
8000137,Dead Rabbit V3 - Gun Metal,Pandaan,1,330000,atomizer
8000196,Bishop 4ml Combi Tank Glass - Gunmetal,Pandaan,1,150000,atomizer
8000198,Bishop 4ml Extension - SS,Pandaan,1,160000,atomizer
8000199,Bishop 4ml Hollow Combi Tank PCTG - Black,Pandaan,1,250000,atomizer
8000289,Dead Rabbit Solo RDA - Matte Full Black,Pandaan,1,270000,atomizer